Nome: COXIM
Codigo Estacao: A720
Latitude: -18.51222222
Longitude: -54.7361111
Altitude: 251.48
Situacao: Operante
Data Inicial: 2020-01-01
Data Final: 2023-03-31
Periodicidade da Medicao: Diaria

Data Medicao;PRECIPITACAO TOTAL, DIARIO (AUT)(mm);PRESSAO ATMOSFERICA MEDIA DIARIA (AUT)(mB);TEMPERATURA DO PONTO DE ORVALHO MEDIA DIARIA (AUT)(°C);TEMPERATURA MAXIMA, DIARIA (AUT)(°C);TEMPERATURA MEDIA, DIARIA (AUT)(°C);TEMPERATURA MINIMA, DIARIA (AUT)(°C);UMIDADE RELATIVA DO AR, MEDIA DIARIA (AUT)(%);UMIDADE RELATIVA DO AR, MINIMA DIARIA (AUT)(%);VENTO, RAJADA MAXIMA DIARIA (AUT)(m/s);VENTO, VELOCIDADE MEDIA DIARIA (AUT)(m/s);
2020-01-01;.2;979.666667;21.216667;34.4;27.429167;21.2;72.291667;36;6.3;.958333;
2020-01-02;0;979.966667;22.554167;30.3;26.5375;24.7;79.125;61;11.7;1.945833;
2020-01-03;0;980.095833;22.2625;33.8;27.116667;22.9;76.541667;46;12.2;1.504167;
2020-01-04;0;978.591667;20.483333;34.1;27.645833;21.6;68.5;36;8.8;1.295833;
2020-01-05;0;977.441667;19.541667;34.7;28.404167;22.1;62.083333;30;10.3;1.55;
2020-01-06;0;978.545833;22.2375;32.8;26.6625;24.1;77.541667;54;12.8;1.408333;
2020-01-07;9.6;980.558333;23.054167;31.9;25.954167;22.2;84.75;62;12.3;.829167;
2020-01-08;10;981.7375;22.370833;31.4;26.2625;23.3;80.416667;55;11.3;2.025;
2020-01-09;.6;982.854167;22.754167;31.7;26.241667;23.2;82.291667;57;6.5;.8875;
2020-01-10;0;982.125;22.7875;34.1;27.720833;23.6;76.708333;46;7.1;1.0875;
2020-01-11;0;981.279167;23.670833;34.4;27.6875;24.8;80;47;8.2;.695833;
2020-01-12;0;982.075;23.5625;34.2;26.8375;23.7;83.5;53;10.3;.679167;
2020-01-13;39.4;983.270833;22.2625;33.2;26.383333;21.8;79.75;52;10.7;1.004167;
2020-01-14;0;982.4875;21.070833;36.3;27.55;21.3;71.333333;35;4.6;.458333;
2020-01-15;0;981.0125;22.754167;36.9;29.5875;24;69.166667;34;5.5;.495833;
2020-01-16;0;982.679167;23.116667;36.8;29.191667;24.4;72.958333;34;11.5;.841667;
2020-01-17;6;984.925;22.391667;33.2;26.795833;22.6;78.375;48;13;1.066667;
2020-01-18;0;984.075;23.454167;34.2;27.970833;24.3;77.833333;51;5.4;.75;
2020-01-19;0;982.35;22.6375;36.2;28.683333;23.1;72.041667;40;8.9;.8125;
2020-01-20;.6;980.566667;23.158333;34.8;28.529167;23.9;74.125;47;7;1.158333;
2020-01-21;5.2;978.2375;23.4375;33.8;26.679167;23.7;83.5;57;13.5;1.129167;
2020-01-22;4.8;977.220833;22.645833;26.6;23.8;23.1;93.166667;85;12.2;.775;
2020-01-23;27.6;976.041667;22.545833;31.6;25.9;21.8;82.875;58;10.6;1.783333;
2020-01-24;5.2;976.754167;22.95;28.3;25.55;24.1;85.666667;72;6.8;1.483333;
2020-01-25;12;979.65;22.6625;32.9;27.204167;23.3;78.208333;48;5.9;.5375;
2020-01-26;0;980.379167;22.204167;35.1;27.775;22.5;75.041667;40;5.3;.433333;
2020-01-27;0;980.475;22.65;35.1;27.858333;23;76;38;7.1;.4125;
2020-01-28;.8;980.383333;22.879167;34;27.1625;22.7;79.166667;43;11.5;.6375;
2020-01-29;.4;982.095652;22.817391;32.6;26.808696;23.7;79.391304;54;14.1;1.565217;
2020-01-30;0;983.654167;22.129167;33.6;26.991667;22.8;76.75;48;10.4;1.245833;
2020-01-31;0;984.675;22.625;32.7;26.183333;23.1;82.125;52;8.3;.854167;
2020-02-01;null;984.345455;23.063636;32.4;26.040909;23.3;84.772727;57;12.9;.95;
2020-02-02;null;984.0875;23.079167;31.2;26.275;23.5;83.708333;59;3.7;.2375;
2020-02-03;null;982.5875;23.229167;34.2;28.166667;24.6;77.25;43;6.8;.729167;
2020-02-04;null;982.365217;22.465217;33.5;27.43913;23.3;75.782609;51;8.2;1.66087;
2020-02-05;null;982.233333;22.770833;29.8;24.733333;23.1;89.041667;67;12.3;.725;
2020-02-06;null;982.42381;22.961905;33.1;null;21.8;82.238095;52;14.4;1.285714;
2020-02-07;null;980.4;22.479167;32.9;26.370833;21.8;80.458333;50;9;.920833;
2020-02-08;null;978.426087;22.330435;33;26.86087;21.6;77.869565;49;5.9;.443478;
2020-02-09;null;980.191667;22.7875;32.1;26.558333;22.2;80.791667;57;8;1.579167;
2020-02-10;null;982.983333;22.929167;30.9;25.6;23.2;86;63;9.4;1.3875;
2020-02-11;null;983.454167;22.754167;30.7;25.991667;23.8;82.875;63;10.8;1.4625;
2020-02-12;null;982.191667;23.125;32.2;26.1875;23.3;84.375;57;10.5;.783333;
2020-02-13;null;982.191667;22.795833;33.5;27.65;23.4;77.166667;48;6.6;.775;
2020-02-14;null;982.1125;23.454167;34.3;28.391667;24.5;76.375;48;9;.841667;
2020-02-15;null;981.520833;24.341667;33.3;27.5875;24.7;83.25;54;10.6;.6375;
2020-02-16;null;981.1;23.4625;34.6;28.258333;23.5;76.875;50;5.9;.645833;
2020-02-17;null;980.7;23.441667;34.7;27.504167;23.8;80.625;48;15.2;1.225;
2020-02-18;null;981.66087;23.517391;33.9;26.904348;22.9;82.913043;58;11.3;.6;
2020-02-19;null;980.8375;23.383333;34.1;27.708333;23.6;79.083333;48;9.3;.708333;
2020-02-20;null;979.966667;23.8;33;27.075;23.3;82.916667;56;10.9;.9125;
2020-02-21;null;981.779167;22.6875;31.6;25.2875;22.7;86.208333;59;10.8;.758333;
2020-02-22;null;983.847826;22.973913;27.1;24.378261;23.8;92.130435;74;3.8;.369565;
2020-02-23;null;983.5875;22.716667;32.6;26.083333;23.1;82.708333;53;8.2;1.079167;
2020-02-24;null;982.35;23.3125;32;26.3;23.8;84.416667;55;7.4;.733333;
2020-02-25;null;982.020833;23.1;33.8;26.095833;23.6;85.083333;51;10.1;.866667;
2020-02-26;null;981.8625;23.416667;26.7;24.625;23.6;93.041667;83;7.9;.604167;
2020-02-27;null;981.933333;20.804167;32.3;25.65;21.5;76.333333;47;6;.691667;
2020-02-28;null;982.8875;20.191667;32.7;25.641667;19.5;74.416667;43;4.4;.533333;
2020-02-29;null;983.975;21.129167;33.7;26.829167;22.8;73.75;36;6;.9625;
2020-03-01;null;984.216667;18.141667;32.4;24.604167;17.7;71.291667;35;6.9;.904167;
2020-03-02;0;983.075;19.354167;32.2;24.958333;19.3;73.541667;40;7.4;.945833;
2020-03-03;0;982.345455;19.218182;33.2;25.85;19.7;70.636364;29;8.6;.804545;
2020-03-04;0;982.908333;19.491667;33.8;26.041667;19.7;70.583333;32;6;.675;
2020-03-05;0;983.433333;19.2375;34.7;26.25;19.9;70.041667;30;7.5;.729167;
2020-03-06;0;982.6625;18.920833;34.8;26.183333;19.2;69.375;27;5.3;.658333;
2020-03-07;0;981.416667;17.858333;34.8;25.791667;18.8;66.291667;27;5.9;.666667;
2020-03-08;0;981.3625;17.8875;35.8;25.454167;17.9;68.041667;24;7;.65;
2020-03-09;0;983.3;18.358333;35.2;26.233333;18.7;66.083333;26;5.1;.616667;
2020-03-10;0;983.029167;17.454167;35.3;26.191667;18.6;64.458333;26;5;.6625;
2020-03-11;0;980.734783;18.508696;36;26.195652;18.8;66.782609;31;9.9;.830435;
2020-03-12;0;981.395833;21.608333;36.3;27.854167;22;71.666667;37;5.4;.3375;
2020-03-13;0;982.408333;22.091667;36.4;27.704167;22.4;75.083333;34;14.9;.583333;
2020-03-14;1.4;982.3125;21.245833;36.6;28.133333;21.4;70.625;30;5.1;.583333;
2020-03-15;.4;982.783333;22.366667;33.4;27.554167;23.9;74.791667;50;13.3;1.054167;
2020-03-16;.2;983.116667;20.975;34.1;26.6625;20.5;73.291667;44;7.9;.979167;
2020-03-17;0;982.629167;21.375;35.7;27.508333;22.5;72.75;33;10;.795833;
2020-03-18;0;982.416667;22.008333;35.2;26.9875;22.1;76.291667;43;9.2;.766667;
2020-03-19;0;981;22.575;35.1;27.933333;22.8;75.625;40;7.9;.841667;
2020-03-20;2.4;980.095833;23.041667;30.9;25.675;23.8;85.958333;64;12.5;1.1625;
2020-03-21;2.4;980.670833;22.708333;32.3;26.05;23.5;82.875;53;8.6;.8125;
2020-03-22;.4;982.783333;22.733333;31.5;25.691667;23.2;84.833333;57;9.1;.708333;
2020-03-23;1.8;983.7625;21.983333;33.5;26.883333;22.1;77;46;7.4;1.15;
2020-03-24;1;982.35;19.425;34.7;25.875;18.7;70.75;33;5.4;.529167;
2020-03-25;.2;980.7;21.808333;33.9;26.270833;21.2;78.083333;49;9.5;.758333;
2020-03-26;0;980.395833;22.2125;35.1;27.325;21.9;76.083333;43;5.8;.6875;
2020-03-27;0;979.979167;22.195833;34;27.325;23;75.625;44;6.3;.708333;
2020-03-28;0;982.016667;22.425;33.8;25.616667;22.2;83.583333;51;12.3;.75;
2020-03-29;0;984.354167;22.691667;32.6;25.920833;22.9;83.583333;54;7.9;.358333;
2020-03-30;.2;984.436364;22.354545;34.1;26.613636;22.7;79.636364;45;7.5;.631818;
2020-03-31;null;982.691304;21.452174;34.6;27.06087;21.1;74.304348;36;4.8;.417391;
2020-04-01;null;982.0375;21.566667;35.6;27.1375;21.2;74.416667;39;7;.670833;
2020-04-02;null;983.554167;22.266667;35.4;28.0375;23;73.5;39;7.7;.858333;
2020-04-03;null;982.4875;23.0625;31.9;26.7375;23.2;81.166667;59;7.2;.991667;
2020-04-04;null;982.054167;20.483333;32.8;26.470833;22.1;72.166667;46;5.3;.725;
2020-04-05;null;982.608333;21.195833;35.9;26.825;21.1;75.083333;35;7;.654167;
2020-04-06;null;983.3625;21.4625;36.9;28.116667;21.6;71.458333;32;7.1;.8;
2020-04-07;null;985.316667;20.695833;30.2;25.475;20.7;75.791667;57;10.1;1.791667;
2020-04-08;null;984.820833;20.120833;32.1;25.620833;21.3;73.416667;49;6.6;.5;
2020-04-09;null;983.9875;19.079167;32.3;25.120833;19;71.208333;40;5.8;.45;
2020-04-10;null;983.533333;18.779167;32.6;25.3375;19.3;69.25;40;4.3;.154167;
2020-04-11;null;982.975;19.283333;33.2;25.716667;20.2;70.666667;40;7.9;.583333;
2020-04-12;null;983.783333;19.141667;34.1;25.4875;19.2;71.916667;31;7;.675;
2020-04-13;null;982.441667;20.595833;34.6;26.1;19.9;74.916667;41;7.2;.433333;
2020-04-14;null;981.954167;20.075;28.7;23.729167;19.5;81.041667;54;12.9;1.35;
2020-04-15;null;985.170833;17.1;28.1;23.104167;19.5;70.583333;48;10.3;1.6625;
2020-04-16;null;988.483333;13.258333;28.2;20.516667;12.8;66.083333;37;6.4;.925;
2020-04-17;null;988.770833;13.858333;30;20.566667;11.7;68.541667;42;22.4;.6625;
2020-04-18;null;987.454167;17.354167;32.8;24.2625;17.7;67.208333;43;5.2;.7875;
2020-04-19;null;986.425;20.5;32.2;25.558333;20.8;75.5;47;6.3;.9375;
2020-04-20;null;985.525;20.495833;33.3;25.683333;20.2;75.875;41;5.2;.466667;
2020-04-21;null;984.945833;19.520833;33.3;25.445833;19.8;73;36;4.7;.525;
2020-04-22;null;984.375;17.591667;32.9;23.9875;17.3;72.541667;29;4.9;.404167;
2020-04-23;null;983.6;17.65;33;24.0375;17.3;71.291667;35;6.6;.654167;
2020-04-24;null;983.208333;19.4;33;24.970833;19.2;73.541667;46;6.8;.704167;
2020-04-25;null;984.7125;21.416667;34.3;26.104167;21;78.333333;41;6.9;.670833;
2020-04-26;null;986.666667;21.683333;34.2;26.7625;22.9;76.708333;38;4.8;.458333;
2020-04-27;null;986.725;17.595833;33.1;24.0625;17;71.875;32;8;.604167;
2020-04-28;null;985.75;18.55;34.4;24.5875;17.8;73.166667;32;7.3;.504167;
2020-04-29;null;986.820833;18.55;33.9;24.629167;18.2;73.208333;33;4.7;.420833;
2020-04-30;null;986.575;17.691667;33.3;24.145833;17.9;72.083333;32;4.8;.508333;
2020-05-01;null;987.579167;17.283333;33.7;24.158333;17.3;70.875;30;4.7;.308333;
2020-05-02;null;986.645833;16.570833;33.8;23.533333;16.7;70.666667;26;5.5;.341667;
2020-05-03;null;984.895833;15.8875;33.6;23.108333;16;69.291667;29;4.8;.545833;
2020-05-04;null;983.133333;16.141667;33.9;23.495833;16.9;68.708333;25;6;.525;
2020-05-05;null;982.654167;16.491667;34;23.266667;15.9;70.583333;31;7.2;.795833;
2020-05-06;null;985.066667;19.458333;23.7;20.933333;19.9;91.291667;75;6.6;.316667;
2020-05-07;null;989.3625;13.829167;25.4;19.4875;16.4;71.25;48;6.9;1.479167;
2020-05-08;null;990.179167;11.225;27.2;17.354167;9.4;71.583333;34;5.6;.629167;
2020-05-09;null;988.033333;12.870833;30.3;19.4875;11.8;70.375;29;5.1;.483333;
2020-05-10;null;986.091667;15.758333;32.6;21.445833;13.5;74.166667;33;5.4;.454167;
2020-05-11;null;985.166667;19.016667;32.9;23.570833;17.1;78.291667;43;6.6;.3875;
2020-05-12;null;984.295833;21.383333;29.8;23.920833;21;86.208333;62;10.1;.629167;
2020-05-13;null;984.175;20.158333;25.2;21.2625;21;93.708333;83;10;.616667;
2020-05-14;null;986.2875;19.9625;25.3;21.045833;19.6;93.625;74;6.1;.433333;
2020-05-15;null;987.645833;17.704167;25.9;21.370833;17.4;80.708333;59;4.5;.758333;
2020-05-16;null;987.791667;16.3375;27.7;20.2;14.8;80.75;43;5.8;.545833;
2020-05-17;null;986.645833;15.479167;29.6;20.0375;13.7;79.083333;36;6.3;.570833;
2020-05-18;null;987.325;15.370833;30.2;20.279167;13.4;77.75;31;4.3;.320833;
2020-05-19;null;986.870833;15.825;31.5;20.641667;13.3;77.833333;32;5.3;.45;
2020-05-20;null;986.366667;18.770833;31.7;22.620833;16.5;80.75;49;6.5;.379167;
2020-05-21;null;985.55;20.45;32.8;24.45;18.9;80.625;46;6.9;.416667;
2020-05-22;null;985.079167;20.370833;33;24.595833;19.8;80.166667;44;14.7;1.320833;
2020-05-23;null;991.4625;13.875;22;15.666667;15.3;89.125;78;10.6;2.0625;
2020-05-24;null;991.266667;11.958333;21.5;15.175;10.5;83.125;53;5.6;.695833;
2020-05-25;null;988.254167;12.195833;25;15.516667;9.2;83.083333;45;4.3;.3375;
2020-05-26;null;988.591667;10.891667;25.7;16.070833;9;76.625;32;5;.320833;
2020-05-27;null;987.545833;11.154167;26.3;16.2125;8.9;76.75;33;5.4;.316667;
2020-05-28;null;986.883333;12.366667;27.8;16.791667;9.1;78.916667;35;4.4;.325;
2020-05-29;null;987.025;12.5625;29.7;17.766667;9.7;76.708333;30;4;.254167;
2020-05-30;null;986.291667;14.3125;30.5;19.070833;11.5;77.833333;35;3.6;.316667;
2020-05-31;null;986.579167;15.595833;31;20.408333;13.1;77.958333;34;3.7;.2;
2020-06-01;null;986.375;16.858333;29.6;21.308333;15.3;78.5;44;7;.945833;
2020-06-02;null;987.320833;16.758333;23;18.7125;17.3;88.625;76;10.1;1.920833;
2020-06-03;null;987.041667;16.575;24.2;18.733333;15.4;87.708333;72;4.9;.316667;
2020-06-04;null;987.254167;18.304167;30.8;23.104167;17.1;76.833333;42;6;.595833;
2020-06-05;null;987.029167;18.695833;32.5;23.091667;17.8;78.541667;46;7.4;.925;
2020-06-06;null;988.770833;18.120833;27.1;21.6625;18.9;81.291667;57;7.4;.833333;
2020-06-07;null;987.558333;19.0625;31.9;22.820833;16.9;81.291667;50;6.4;.45;
2020-06-08;null;986.191667;20.9;32.8;24.495833;19.2;82.333333;47;8.3;.420833;
2020-06-09;null;984.858333;20.666667;33.2;24.429167;19.5;81.708333;41;10.5;.391667;
2020-06-10;null;983.920833;18.879167;33.2;23.883333;18.1;77.5;35;7.6;.733333;
2020-06-11;null;984.966667;17.883333;33.4;22.945833;16.5;77.166667;35;7.2;.495833;
2020-06-12;null;983.5875;17.125;33.4;22.533333;15.8;76.291667;30;8.3;.670833;
2020-06-13;null;986.091667;18.2625;32.1;22.633333;16.8;79.041667;44;5.4;.258333;
2020-06-14;null;987.666667;18.2875;32.5;23.7;18.3;75.291667;31;5.5;.6;
2020-06-15;null;988.083333;16.983333;31.5;22.7125;16.4;73.75;35;7.5;.6125;
2020-06-16;null;988.470833;15.941667;31.2;21.679167;15.4;74.25;33;5.6;.5875;
2020-06-17;null;987.195833;15.516667;31.2;21.270833;14.3;73.791667;36;6.9;1.029167;
2020-06-18;null;985.883333;16.629167;31.6;21.366667;14.2;77.25;37;6;.358333;
2020-06-19;null;986.520833;17.079167;32.2;22.216667;16.2;75.916667;34;6.6;.6375;
2020-06-20;null;987.091667;15.833333;32.2;22.383333;15.6;71.666667;27;7.4;.7;
2020-06-21;null;986.170833;15.025;32.8;21.3375;13.6;73.125;29;8.7;.579167;
2020-06-22;null;986.704167;14.875;32.8;21.120833;13.7;73.041667;23;4.7;.4375;
2020-06-23;null;983.404167;12.633333;32.3;20.916667;12.9;66.791667;19;8.5;.841667;
2020-06-24;null;982.420833;13.3375;33;20.7375;12.3;68.416667;28;10.2;.9;
2020-06-25;null;984.075;16.145833;33.1;22.120833;14.6;73.5;34;11.2;.85;
2020-06-26;null;984.5125;18.5125;32.6;24.604167;18.3;71.708333;37;7.9;1.408333;
2020-06-27;null;985.466667;17.554167;25.3;20.65;17.7;82.875;63;6.8;1.591667;
2020-06-28;null;986.645833;17.875;29.6;22.129167;17.2;78.75;49;6.7;1.045833;
2020-06-29;null;985.120833;17.383333;32.1;23.320833;17.4;72.541667;35;7;.908333;
2020-06-30;null;982.0375;15.604167;33.1;23.3625;16;67.708333;27;12.4;1.375;
2020-07-01;null;984.725;11.691667;25.7;21.245833;19.4;58.958333;20;9.6;1.379167;
2020-07-02;0;986.191667;9.5625;26.3;17.483333;10.5;62.5;34;6;.775;
2020-07-03;0;986.6875;11.875;27.1;18.791667;12.6;66.916667;38;6.4;.979167;
2020-07-04;0;984.170833;14.233333;32.8;21.2;13.9;68.208333;32;5;.433333;
2020-07-05;0;983.820833;15;35.5;22.633333;15.4;68.875;21;6.5;.4125;
2020-07-06;0;984.4625;15.629167;34.3;23.533333;16;66.708333;27;7.9;.6875;
2020-07-07;0;983.275;15.079167;34.4;23.045833;15.5;67.583333;19;8.1;.570833;
2020-07-08;0;984.616667;15.425;26.4;19.620833;15;77.708333;53;6.4;1.25;
2020-07-09;0;989.066667;15.266667;25.5;19.095833;14.5;79.916667;54;7.6;1.133333;
2020-07-10;0;986.033333;15.208333;33.2;22.116667;14.9;70.166667;29;7.3;.758333;
2020-07-11;0;984.520833;14.420833;33;22.254167;14.6;67.916667;25;7.8;.733333;
2020-07-12;0;984.070833;14.845833;33.1;21.975;14.3;69.083333;32;7.6;.954167;
2020-07-13;0;985.741667;15.9875;35;23.316667;15.3;69.291667;27;6.6;.758333;
2020-07-14;0;986.854167;16.645833;34.1;24.225;16.5;67.833333;28;7;.616667;
2020-07-15;0;985.8625;16.695833;35.1;25.179167;18.6;64.958333;23;6.5;.758333;
2020-07-16;0;986.104167;13.891667;34.7;24.266667;16.4;58.666667;19;6.6;.666667;
2020-07-17;0;986.520833;12.329167;34.4;22.254167;13.6;61.458333;17;8.5;.408333;
2020-07-18;0;985.466667;11.345833;34.5;22.166667;13;57.5;20;8.2;.741667;
2020-07-19;0;985.458333;11.733333;33.8;22.083333;12.9;58.666667;21;7;.529167;
2020-07-20;0;985.808333;12.125;33.6;21.975;13.1;59.875;22;6.7;.666667;
2020-07-21;0;985.270833;12.370833;33.5;21.65;12.4;63;21;8.7;.641667;
2020-07-22;0;985.004167;11.583333;33.2;21.416667;11.8;61.375;20;12.3;.4125;
2020-07-23;0;984.8875;11.1125;34.3;21.6375;11.9;58.708333;20;5.9;.445833;
2020-07-24;0;984.35;11.75;34.7;22.229167;12.3;58.166667;21;7;.7375;
2020-07-25;0;988.420833;13.908333;30;21.516667;14.8;64.708333;35;10;1.508333;
2020-07-26;0;988.029167;12.091667;33;21.870833;13.6;58.75;21;7.7;.945833;
2020-07-27;0;985.733333;12.65;34.5;22.833333;13.1;59.666667;21;8;.725;
2020-07-28;0;986.195833;12.983333;33.8;22.8125;13.9;60.833333;23;8;.9125;
2020-07-29;0;987.666667;14.825;30.4;21.6875;14.5;67.416667;41;7.9;1.258333;
2020-07-30;0;988.9875;13.566667;31.8;21.8375;14.3;62.708333;32;6.4;1.175;
2020-07-31;0;988.583333;14.625;33.6;24.095833;17.5;59.291667;26;7;.941667;
2020-08-01;0;989.05;12.758333;34;25.208333;16.7;50.291667;20;7.3;.825;
2020-08-02;0;988.970833;11.533333;33.8;24.7875;16.9;47.541667;21;8.7;.916667;
2020-08-03;0;991.0375;10.254167;32.4;23.125;15;49.166667;19;8.2;.870833;
2020-08-04;0;990.429167;9.945833;32.6;21.966667;12.2;52.458333;21;8.2;.8125;
2020-08-05;0;989.825;8.795833;32.6;21.525;11.3;50.416667;19;7.8;.633333;
2020-08-06;0;989.3;8.529167;32.8;21.441667;11.3;49.75;18;8.3;.683333;
2020-08-07;0;989.691667;9.420833;32.8;21.7625;12;50.875;20;6.8;.5375;
2020-08-08;0;989.5375;9.054167;33.7;22.279167;12;49.125;17;6.9;.408333;
2020-08-09;0;988.008333;9.091667;33.9;22.4875;12.3;49.375;17;5.5;.466667;
2020-08-10;0;984.441667;9.65;35.2;22.604167;11.7;51.291667;17;8;.779167;
2020-08-11;0;983.516667;10.5625;35.4;23.345833;13.2;51.875;16;6.1;.570833;
2020-08-12;0;981.441667;12.508333;35.5;24.266667;14.3;53.125;22;9.1;1.025;
2020-08-13;0;981.279167;13.954167;35.7;25.691667;15.9;53.25;25;9.8;1.058333;
2020-08-14;0;980.066667;13.766667;38.5;26.995833;17.3;52.208333;16;11.4;.941667;
2020-08-15;0;979.129167;12.754167;37.3;27.454167;17.8;45.625;20;10.7;1.7625;
2020-08-16;0;980.516667;14.745833;33.2;26.370833;18.5;51.458333;27;7.6;.895833;
2020-08-17;0;980.995833;15.904167;36.3;27.391667;20.9;52.75;25;8.1;1.1;
2020-08-18;0;979.429167;16.1;37.6;27.866667;19.6;53.416667;21;12.9;1.775;
2020-08-19;0;979.4125;14.1125;37.5;27.016667;17.5;51.958333;20;12.3;1.858333;
2020-08-20;0;988.1625;12.454167;30.8;21.7875;19.9;55.958333;36;11.8;3.5;
2020-08-21;0;993.779167;9.366667;18.7;13.075;12;78.833333;66;11.8;2.175;
2020-08-22;6;991.141667;10.2125;22.6;15.025;10.2;75.291667;49;8.2;1.4375;
2020-08-23;.2;986.9375;11.5375;30.4;20.808333;12.1;58.75;31;7.8;.545833;
2020-08-24;0;984.0125;13.0375;35.8;24.933333;16.7;53.333333;22;5.3;.445833;
2020-08-25;0;982.379167;12.970833;37.9;27.525;18.9;45.708333;18;7.6;.766667;
2020-08-26;0;982.2875;11.279167;38.5;28.2375;18;38.958333;16;7;.7;
2020-08-27;0;983.266667;9.425;38.8;28.179167;18.6;35.916667;12;5.6;.529167;
2020-08-28;0;982.845833;6.7;38.9;26.483333;14.6;37.583333;8;7.8;.754167;
2020-08-29;0;980.95;4.3625;38.8;26.35;14.9;28.875;9;6.9;.5625;
2020-08-30;0;981.908333;7.970833;39.1;25.925;14.2;37.25;12;6.1;.691667;
2020-08-31;0;983.679167;10.291667;38.8;27.708333;16.4;38.791667;14;9.3;1.1;
2020-09-01;0;984.704167;14.2;38.1;28.391667;18.2;49.083333;15;9.6;1.433333;
2020-09-02;0;983.495833;14.85;35.9;27.716667;20.4;48.958333;23;10.1;2.166667;
2020-09-03;0;982.891667;14.158333;37.1;27.1125;19;49.708333;20;7;1.15;
2020-09-04;0;984.1;12.3;39.1;28.054167;17.6;43.583333;13;7.4;.654167;
2020-09-05;0;983.454167;9.366667;39.5;28.308333;17.5;37.416667;12;8.4;1.108333;
2020-09-06;0;982.425;7.858333;39.2;28.054167;16.4;33.416667;12;7;.679167;
2020-09-07;0;980.704167;7.958333;39.9;28.0875;16.8;34.416667;10;7.8;.729167;
2020-09-08;0;981.229167;14.9125;37.2;27.691667;18.1;52.291667;18;8.2;1.275;
2020-09-09;0;982.191667;12.479167;41;29.341667;18.2;43.333333;12;8.6;.804167;
2020-09-10;0;983.304167;9.725;40.4;29.575;18.7;34.291667;12;5.7;.6625;
2020-09-11;0;980.983333;7.4375;41.8;29.908333;18;30.833333;9;9.4;1.145833;
2020-09-12;0;982.075;5.429167;40.9;28.804167;16.4;29.708333;8;7.6;.841667;
2020-09-13;0;983.016667;5.479167;40.2;28.395833;15.9;28.541667;9;10.1;1.183333;
2020-09-14;0;985.079167;7.758333;39.1;27.9;17.7;31.791667;13;5.8;.666667;
2020-09-15;0;983.7875;10.916667;38.5;29.129167;19.6;35.791667;16;8.4;1.354167;
2020-09-16;0;981.6;11.008333;40.4;29.191667;18.4;38.541667;13;9.1;.970833;
2020-09-17;0;981.070833;10.795833;39.1;30.7875;24;32.083333;14;7.2;.670833;
2020-09-18;0;981.520833;13.266667;37.2;29.683333;21.5;39.166667;21;5.3;.916667;
2020-09-19;0;981.508333;13.504167;35.6;28.3625;20.3;42.458333;25;4.9;.616667;
2020-09-20;0;983.070833;14.991667;32.8;27.1;23.7;49.083333;29;6.2;1.070833;
2020-09-21;0;983.279167;14.35;35.1;26.270833;19;50.791667;26;11.2;1.55;
2020-09-22;0;986.229167;15.854167;31.8;24.954167;20;58.833333;31;11.3;1.608333;
2020-09-23;0;986.845833;16.175;36.6;27.641667;20.1;54.375;22;8.9;.679167;
2020-09-24;0;985.458333;13.25;38.4;29.983333;22;39.416667;16;7.3;.675;
2020-09-25;0;982.629167;9.333333;40.5;30.479167;20;31.583333;11;8.3;.558333;
2020-09-26;0;979.275;11.641667;41.2;31.020833;20.6;32.208333;16;12.1;1.445833;
2020-09-27;0;979.433333;14.75;39.8;32.820833;26.3;35.416667;19;11.2;1.933333;
2020-09-28;0;980.186957;15.126087;38.4;30.352174;21.6;42.26087;25;8.4;1.46087;
2020-09-29;0;980.675;14.2625;42.6;32.225;23.1;39.75;12;10.6;1.175;
2020-09-30;0;979.525;10.629167;44.1;31.375;20;33.291667;9;9.5;1.054167;
2020-10-01;null;978.4625;10.529167;43;31.333333;19.8;33.166667;12;10.1;.895833;
2020-10-02;null;978.995833;12.041667;41.2;31.7125;22.5;33.083333;15;8.8;.991667;
2020-10-03;null;980.079167;13.070833;42.5;32.116667;22.1;36.166667;10;7;.720833;
2020-10-04;null;979.195833;13.008333;43.3;33.4;24.3;32.875;10;8.6;1.220833;
2020-10-05;null;978.8;14.595833;43.7;33.35;23.3;38.166667;11;9.1;1.225;
2020-10-06;null;979.0375;13.566667;44;34.370833;25.4;32.583333;12;9.2;1.1375;
2020-10-07;null;981.166667;14.733333;41.3;32.658333;24.4;36.083333;15;8.8;1.333333;
2020-10-08;null;981.1;15.033333;41.7;33.933333;26.4;34.666667;16;9.7;.995833;
2020-10-09;null;979.356522;14.452174;41.5;32.678261;23;37.173913;16;10.7;1.282609;
2020-10-10;null;979.2125;15.883333;39.7;32.758333;27;38.375;19;9.1;.529167;
2020-10-11;null;981.304167;15.754167;35.9;30.370833;24.7;41.75;31;6.5;.441667;
2020-10-12;null;983.779167;18.329167;35.2;27.295833;21.1;61.5;30;15.9;1.1625;
2020-10-13;null;981.2;16.754167;40.3;30.679167;21.7;49.25;20;7.4;.645833;
2020-10-14;null;980.0375;15.479167;40.9;32.3125;24.2;39.375;19;9.8;1.095833;
2020-10-15;null;983.459091;20.477273;32.9;26.3;25.3;70.863636;32;12.5;1.731818;
2020-10-16;null;984.643478;19.03913;34.6;27.347826;21.4;64.26087;35;5.6;.586957;
2020-10-17;null;982.25;17.245833;37.9;29.5875;24;50.458333;25;10.5;1.375;
2020-10-18;null;979.625;16.8875;39.5;29.529167;23.7;50.666667;19;14.5;1.416667;
2020-10-19;null;979.991667;20.133333;35.4;27.541667;21.7;68.083333;33;10.9;1.7875;
2020-10-20;null;982.591304;20.669565;33.9;26.421739;22.5;73.434783;38;11.6;1.091304;
2020-10-21;null;984.029167;20.25;34.2;26.866667;22.1;70.541667;36;9.1;1.229167;
2020-10-22;null;982.229167;18.366667;37.7;29.075;21.6;57.625;27;5.8;.704167;
2020-10-23;null;981.325;20.2125;34.7;28.6375;24.6;61.708333;42;12.7;1.816667;
2020-10-24;null;980.045833;20.516667;36.4;27.316667;21.6;70.625;31;11.5;1.070833;
2020-10-25;null;979.073913;21.304348;36.2;29.047826;23;67.086957;35;8.8;1.286957;
2020-10-26;null;979.125;20.470833;34.1;27.016667;23.7;69.25;41;15.1;2.041667;
2020-10-27;null;978.7125;19.55;32.4;25.425;20.8;72.666667;45;7;.541667;
2020-10-28;null;976.673913;20.669565;36.9;26.804348;21;72.565217;35;18.2;1.126087;
2020-10-29;null;979.9875;21.120833;24.2;22.6625;21.8;91.083333;85;6;.766667;
2020-10-30;null;982.179167;20.5;30.5;25.0125;21.1;77.541667;55;6.4;.795833;
2020-10-31;null;983.034783;19.321739;32.5;26.113043;21.1;68.347826;41;7.3;1.247826;
2020-11-01;null;981.978261;15.8;33.4;26.63913;19.6;55.347826;26;8;1.486957;
2020-11-02;null;980.886957;13.617391;33.7;25.995652;18;50.043478;24;8.1;1.147826;
2020-11-03;null;980.886364;12.359091;34.6;26.813636;18.2;44.045455;23;7.7;.990909;
2020-11-04;null;982.5;10.819048;35.1;null;17.3;43.809524;14;7;.857143;
2020-11-05;null;980.266667;9.366667;36.7;26.641667;15.5;39.875;14;6.8;.804167;
2020-11-06;null;979.945833;10.4375;38.8;27.620833;16.6;40.625;12;7;.7625;
2020-11-07;null;981.913636;15.15;39.7;29.195455;18.8;46.818182;22;7.6;.813636;
2020-11-08;null;982.040909;17.990909;40.1;30.645455;22.1;51.954545;20;8.9;.795455;
2020-11-09;null;982.309091;18.872727;37.1;28.281818;22;60.318182;30;14.3;1.65;
2020-11-10;null;983.863636;21.15;31.1;25.318182;21.8;78.590909;52;6.3;.35;
2020-11-11;null;982.975;21.079167;31.2;26.054167;22.9;74.916667;52;12.4;1.0625;
2020-11-12;null;982.854167;20.629167;29.9;25.4875;22.3;76;50;7.6;1.0375;
2020-11-13;null;981.330435;20.330435;33.4;26.878261;22;69.217391;42;10.3;.708696;
2020-11-14;null;979.66087;19.208696;35.9;27.752174;21.1;63;35;11.5;1.195652;
2020-11-15;null;980.63913;20.665217;36.5;27.256522;21.7;70.913043;34;12.4;1.53913;
2020-11-16;null;979.973913;20.782609;35.9;28.265217;22;67.26087;40;6.7;1.386957;
2020-11-17;null;978.516667;20.7875;36.5;28.525;22.4;65.75;33;8.7;1.141667;
2020-11-18;null;978.013043;21.826087;34.2;27.756522;23.6;72.478261;41;21.1;1.365217;
2020-11-19;null;981.091667;19.675;30.6;25.058333;21.5;73.916667;43;7.3;1.891667;
2020-11-20;null;981.352174;15.078261;33.5;25.23913;16.8;59;26;6;.752174;
2020-11-21;null;980.773913;13.873913;35.9;26.8;17.9;50.434783;19;7.4;1.021739;
2020-11-22;null;982.191667;12.808333;37.3;27.733333;18.5;45.416667;16;7.6;1.095833;
2020-11-23;null;982.0125;12.733333;38.6;28.616667;18.8;42.458333;18;11.5;.979167;
2020-11-24;null;982.095455;16.572727;39;29.795455;21.8;48.090909;25;15.2;1.245455;
2020-11-25;null;982.004545;20.268182;37.8;29.168182;22.6;64.409091;27;7;.977273;
2020-11-26;null;980.678261;17.621739;38.3;29.578261;21.7;53.434783;22;6.8;.756522;
2020-11-27;null;982.381818;19.640909;36.7;28.659091;22.5;61.5;28;9.9;1.481818;
2020-11-28;null;982.386957;17.769565;39.4;30.708696;23.8;51.608696;19;7.1;.886957;
2020-11-29;null;982.017391;19.478261;38.7;29.747826;22.3;59.26087;25;11.2;.926087;
2020-11-30;null;981.3;20.275;38.7;29.266667;22.5;63.291667;29;13.4;1.3375;
2020-12-01;null;981.7;21.161905;35.8;null;23.2;71.095238;38;10.9;.809524;
2020-12-02;null;980.05;21.1;37.7;26.666667;22.4;75.041667;30;12.5;1;
2020-12-03;null;979.572727;21.413636;37.2;28.090909;22.6;71.409091;32;18.4;1.431818;
2020-12-04;null;982.26087;21.556522;36;27.256522;22;74.173913;38;9.1;1.030435;
2020-12-05;null;984.681818;21.854545;28;24.695455;22.7;84.727273;68;6.1;.786364;
2020-12-06;null;983.013636;21.454545;31.1;26.25;22.5;76.272727;54;8.4;1.522727;
2020-12-07;null;982.183333;20.8;33.4;27.354167;22;69.791667;45;9.1;1.579167;
2020-12-08;null;981.730435;19.617391;35.2;28.469565;21.8;62.434783;31;7.8;.978261;
2020-12-09;null;981.466667;19.258333;35.8;28.854167;22.2;59.75;28;11.8;.9;
2020-12-10;null;981.445455;19.727273;35.5;26;21.3;70.590909;39;13.8;1.409091;
2020-12-11;null;981.195652;20.113043;32.4;25.717391;21;73.565217;40;10.6;.96087;
2020-12-12;null;982.108696;21.221739;32.8;26.121739;21.7;76.130435;46;9.8;1.126087;
2020-12-13;null;981.913043;20.773913;35.1;27.708696;21.4;70.043478;35;11;1.586957;
2020-12-14;null;981.633333;21.916667;33.5;26.125;22.1;79.375;47;15;1.25;
2020-12-15;null;981.104348;21.091304;35.2;26.626087;22.2;74.434783;40;14.3;1.143478;
2020-12-16;null;981.670833;20.366667;36.1;27.783333;21.6;68.041667;33;10.9;.808333;
2020-12-17;null;981.383333;20.608333;36.3;28.066667;21.5;67.5;34;12.2;1.245833;
2020-12-18;null;979.452174;20.447826;38.1;29.265217;22.8;62.913043;27;8.8;.804348;
2020-12-19;null;978.291667;20.675;36.9;29.929167;24;60.875;31;10.2;1.8625;
2020-12-20;null;979.079167;20.895833;37.7;29.558333;22.8;64.458333;30;8.8;1.433333;
2020-12-21;null;980.9625;22.158333;35.6;27.579167;23.7;74.958333;38;13.1;1.104167;
2020-12-22;null;981.452174;21.821739;33.2;27.208696;23.5;73.826087;49;6.2;.773913;
2020-12-23;null;979.863636;23.059091;33.4;26.85;23.6;81.272727;49;12.4;.6;
2020-12-24;null;978.945455;21.995455;34.1;27.809091;22.7;73.045455;42;4.4;.390909;
2020-12-25;null;977.395652;22.134783;35.5;28.908696;23.5;68.391304;39;8;1.06087;
2020-12-26;null;977.179167;21.033333;35.6;28.341667;21.8;67.25;36;7.3;.975;
2020-12-27;null;980.545833;21.7125;31.5;26.583333;23.2;75.958333;51;7.5;1.633333;
2020-12-28;null;982.526087;22.208696;33.2;26.043478;22.8;80.26087;51;10.7;.847826;
2020-12-29;null;981.025;21.3125;34.8;27.1875;22.7;74.291667;35;14.6;1.6;
2020-12-30;null;980.878261;21.795652;32.4;25.204348;22;82.652174;53;10.5;1.1;
2020-12-31;null;983.429167;21.7;32.3;26.075;22.1;78.791667;47;6.5;.695833;
2021-01-01;null;null;null;null;null;24.3;null;75;3.2;null;
2021-01-02;null;null;null;null;null;null;null;79;1.1;null;
2021-01-03;null;null;null;null;null;null;null;null;null;null;
2021-01-04;null;null;null;null;null;null;null;72;15;null;
2021-01-05;null;981.741667;21.283333;33.1;25.954167;22;77.125;47;10.7;1.141667;
2021-01-06;null;982.7125;21.775;33.6;26.904167;23;75.208333;47;8.4;1;
2021-01-07;null;983.841667;21.333333;31.7;26.258333;22.8;75.416667;51;10.7;1.454167;
2021-01-08;null;982.5375;21.570833;34.5;27.55;22.6;72.166667;43;9.8;.725;
2021-01-09;null;980.9625;20.258333;37.2;28.279167;22.3;65.625;29;7.8;.729167;
2021-01-10;null;982.3;21.8125;30.5;26.770833;24;75.125;54;8.3;1.116667;
2021-01-11;null;981.129167;21.404167;35.4;28.420833;22.8;68.791667;36;8.5;1.108333;
2021-01-12;null;981.658333;22.65;32.3;26.754167;24.4;78.875;55;9.7;.708333;
2021-01-13;null;981.1875;22.516667;31.8;25.725;23;82.916667;58;6.7;.7;
2021-01-14;null;980.2125;22.183333;29.8;25.554167;23.6;82.458333;56;4.9;.408333;
2021-01-15;null;980.095833;22.2375;31.6;25.720833;22.6;82.166667;54;9.9;1.120833;
2021-01-16;null;979.375;22.520833;28.4;24.825;22.2;87.375;72;14.7;1.216667;
2021-01-17;null;980.129167;22.05;26.4;24.458333;22.9;86.666667;75;13.9;1.458333;
2021-01-18;null;980.566667;22.375;29.5;24.425;22.7;88.666667;66;10.9;.570833;
2021-01-19;null;981.445833;22.9125;28.8;25.170833;23;87.583333;71;5.8;.620833;
2021-01-20;null;982.558333;22.266667;31.2;25.116667;22.7;85.208333;59;11.6;.458333;
2021-01-21;null;982.254167;22.25;32.3;25.791667;22;82.416667;47;4.5;.6;
2021-01-22;null;985.069565;20.704348;32;25.63913;21;76.217391;49;12.4;.830435;
2021-01-23;null;984.233333;20.275;34.9;26.608333;21.2;71.041667;32;11.9;.883333;
2021-01-24;null;982.65;21.1875;34.1;26.2;22;75.416667;42;16.2;.8;
2021-01-25;null;981.943478;21.147826;32;26.23913;22.2;75.608696;48;6.6;.778261;
2021-01-26;null;980.36087;20.53913;34.9;28.4;22.4;66.565217;33;8;1.043478;
2021-01-27;null;981.695833;22.041667;29;25.270833;23.1;82.708333;56;8.1;1.004167;
2021-01-28;null;981.030435;22.021739;32.3;25.930435;22.5;80.608696;50;8.5;1.134783;
2021-01-29;null;981.129167;21.7625;33.1;26.604167;22.7;77.208333;46;9.9;1.391667;
2021-01-30;null;982.079167;21.279167;33.6;27.416667;23;71.625;43;8.6;1.525;
2021-01-31;null;982.129167;22.108333;32.8;26.575;22.4;77.833333;51;9.5;.866667;
2021-02-01;null;981.45;21.929167;34.4;27.070833;21.8;76.041667;41;7.2;1.045833;
2021-02-02;null;981.258333;21.891667;36;27.7;22.5;73.375;35;11.8;.9;
2021-02-03;null;982.7375;22.320833;33.9;27.029167;22.4;78.041667;40;10.4;.7;
2021-02-04;null;982.979167;22.733333;31.1;26.2625;23.6;81.291667;61;6.9;.916667;
2021-02-05;null;981.170833;21.8625;29.7;25.570833;22.8;80.833333;59;7.2;.85;
2021-02-06;null;980.820833;18.875;31.2;25.491667;19.8;69.666667;42;5.5;.679167;
2021-02-07;null;980.886957;16.96087;32.7;24.891304;18.2;65.478261;32;5.5;.443478;
2021-02-08;null;980.620833;17.0375;33.5;25.566667;18.3;64.041667;29;5.3;.525;
2021-02-09;null;980.770833;16.295833;33.9;25.666667;18.2;60.583333;28;5.7;.7625;
2021-02-10;null;980.941667;17.783333;34.5;26.775;20.1;59.75;33;11.9;.966667;
2021-02-11;null;981.3875;19.691667;32.1;25.945833;21.2;70.291667;45;8.1;1.079167;
2021-02-12;null;982.795833;21.208333;26.8;23.870833;22.2;85.291667;69;5.2;.55;
2021-02-13;null;981.6625;20.983333;32.4;25.5375;20.6;78.125;46;4.5;.558333;
2021-02-14;null;980.4625;21.891667;29.8;25.516667;22.7;81.208333;60;6.4;.891667;
2021-02-15;null;980.929167;21.679167;30.8;25.029167;20.4;82.916667;58;9.7;1.591667;
2021-02-16;null;980.554167;22.454167;29.8;24.454167;21.2;89.291667;64;11.7;1.408333;
2021-02-17;null;979.279167;22.570833;28.7;24.270833;22.5;90.625;68;6;.633333;
2021-02-18;null;979.320833;21.366667;33.3;26.541667;21.8;76.916667;36;5.8;.725;
2021-02-19;null;980.354545;16.768182;33.7;25.477273;17.5;63.818182;25;5.6;.572727;
2021-02-20;null;981.491667;16.679167;34;25.0625;17.3;65.541667;25;4.6;.466667;
2021-02-21;null;981.017391;19.369565;34.9;25.630435;17.1;70.434783;46;5.6;.817391;
2021-02-22;null;981.9375;22.370833;33.6;26.775;21.5;78.75;48;16.4;.8875;
2021-02-23;null;981.9625;22.9;34.1;27.754167;23.1;76.916667;49;6.4;.620833;
2021-02-24;null;981.6125;22.383333;35;27.6125;22.2;75.5;42;5.4;.391667;
2021-02-25;null;980.858333;22.383333;33.9;25.6625;22.8;83.375;51;12;1;
2021-02-26;null;979.6375;21.945833;32.1;26.091667;21.2;79.75;50;4.3;.445833;
2021-02-27;null;980.091304;21.817391;33.4;26.217391;22.4;78.782609;43;9.7;.686957;
2021-02-28;null;978.841667;21.495833;32.8;26.270833;21.3;77;49;5.8;.745833;
2021-03-01;null;978.420833;21.816667;30.5;24.8875;21.1;84.125;59;8.2;1.2375;
2021-03-02;null;980.341667;22.375;31.6;25.195833;22.4;85.375;57;14.6;.833333;
2021-03-03;null;982.945833;21.833333;31.4;25.641667;21.7;80.75;56;12.7;1.083333;
2021-03-04;null;983.554545;21.404545;31;26.090909;22.5;77.090909;53;10.3;1.545455;
2021-03-05;null;982.291667;21.641667;26.6;22.9625;21.8;92.375;77;15.5;1.7625;
2021-03-06;null;981.658333;21.633333;30.1;24.616667;21.9;84.666667;56;8.1;1.866667;
2021-03-07;null;982.05;21.4375;32.1;25.025;21;82.5;47;5.7;.791667;
2021-03-08;null;982.316667;21.5625;30.7;25.366667;20.8;80.708333;56;6.9;.65;
2021-03-09;null;981.447826;20.891304;32.6;26.052174;19.8;75.565217;42;6.6;.856522;
2021-03-10;null;980.05;21.141667;33.7;26.733333;20.7;74.208333;45;8.4;.983333;
2021-03-11;null;981.215;21.98;32.5;null;21.4;75;46;7.3;.81;
2021-03-12;null;983.020833;21.4875;33.8;26.533333;21.7;76.166667;42;13.6;.866667;
2021-03-13;null;983.3;21.454167;32.8;24.516667;21.2;84.416667;52;14.1;1.0875;
2021-03-14;null;983.73913;21.882609;30.4;25.03913;21.4;83.913043;61;9.4;.326087;
2021-03-15;null;982.7375;22.675;32.7;26.620833;22.4;80.791667;50;6.4;.470833;
2021-03-16;null;981.4125;22.3;32.3;26.641667;22.4;78.541667;52;6.8;1.254167;
2021-03-17;null;981.054167;22.566667;32.1;25.341667;22.6;85.291667;60;12.1;.8375;
2021-03-18;null;981.1;22.517391;30.6;24.626087;22;88.782609;60;13.8;.530435;
2021-03-19;null;980.808333;22.441667;31.2;25.233333;21.5;85.583333;57;6.6;.758333;
2021-03-20;null;983.366667;21.9125;32.3;25.954167;21.7;80.583333;49;7.7;.929167;
2021-03-21;null;985.009091;22.159091;33.5;26.790909;21.9;78;39;4.3;.445455;
2021-03-22;null;984.073913;21.404348;33.7;27.06087;21.3;74;39;5.8;.878261;
2021-03-23;null;984.591304;21.382609;32.6;26.695652;21.5;74.217391;49;6.9;1.126087;
2021-03-24;null;984.13913;22.382609;33.1;26.947826;23;78;44;5.9;.721739;
2021-03-25;null;983.8375;21.183333;34.4;26.8;21;75;33;7.3;.679167;
2021-03-26;null;983.354167;20.029167;34.6;26.1625;19.6;73.375;28;6.4;.504167;
2021-03-27;null;983.108333;19.883333;34;25.816667;19.6;74.125;31;5.5;.366667;
2021-03-28;null;983.070833;18.9625;34.9;25.404167;18.8;72.75;21;4.4;.2625;
2021-03-29;null;983.133333;20.316667;34.7;26.658333;20.4;71.541667;38;6.8;.770833;
2021-03-30;null;982.658333;19.995833;34.3;26.945833;20.1;69.083333;36;6.8;1.104167;
2021-03-31;null;981.2375;19.904167;33.6;26.158333;20.1;71.333333;38;7.4;1.054167;
2021-04-01;null;980.529167;19.308333;33.3;26.079167;19.5;69.666667;39;9.6;.991667;
2021-04-02;null;982.333333;19.895833;34.2;26.266667;20.5;70.333333;39;8.6;.795833;
2021-04-03;null;983.566667;20.391667;34.7;26.554167;20.7;71.75;37;6;.525;
2021-04-04;null;983.5375;19.391667;34;26.5875;21.6;67.666667;35;10;.854167;
2021-04-05;null;982.770833;19.25;32.3;25.441667;20.4;70.375;42;4.9;.508333;
2021-04-06;null;982.575;21.058333;33.4;26.166667;21.9;74.791667;46;6.3;1.1375;
2021-04-07;null;983.495833;21.033333;32.4;25.166667;20.7;80.25;46;9.7;.5625;
2021-04-08;null;983.595833;21.133333;32.9;26.3625;21.7;75.291667;48;8;.916667;
2021-04-09;null;984.783333;21.008333;33.2;26.358333;21.3;75.041667;45;6.4;.725;
2021-04-10;null;983.533333;20.870833;34;26.720833;21.5;73.833333;36;7.6;.708333;
2021-04-11;null;983.391667;21.170833;33.3;26.254167;22;75.541667;43;6.8;.554167;
2021-04-12;null;984.591667;21.9875;33.4;26.825;21.9;76.583333;48;8.4;1.1875;
2021-04-13;null;985.479167;20.854167;34.4;26.666667;21.5;73.791667;35;6.5;.833333;
2021-04-14;null;983.658333;19.391667;34.7;26.775;20.1;67.5;31;6;.558333;
2021-04-15;null;982.983333;18.945833;35;26.9875;20.2;64.958333;32;5.6;.904167;
2021-04-16;null;982.379167;19.695833;33.3;26.695833;20.4;67.541667;40;6.7;.991667;
2021-04-17;null;982.7875;19.5125;32;24.9;19.5;73.916667;47;9.3;.570833;
2021-04-18;null;983.016667;20.804167;31.2;24.775;20.3;80.25;53;9.2;.675;
2021-04-19;null;983.5;19.341667;33.5;24.441667;18.7;76.833333;32;7.8;.425;
2021-04-20;null;983.920833;17.516667;33;24.529167;17.9;69.291667;29;8.2;.504167;
2021-04-21;null;983.925;15.675;33.1;23.729167;16.4;65;27;6.8;.583333;
2021-04-22;null;983.745833;14.533333;33;22.925;14.6;65.166667;25;7.3;.633333;
2021-04-23;null;983.325;15.754167;32.8;23.404167;17;65.958333;28;6.3;.55;
2021-04-24;null;982.9625;15.6125;33.6;23.7625;17.2;65.25;26;4.9;.558333;
2021-04-25;null;983.916667;17.958333;30;23.65;19.4;71.708333;45;7.5;1.0375;
2021-04-26;null;984.295833;18.9875;31.1;24.541667;20.2;73.375;45;7.8;1.095833;
2021-04-27;null;984.866667;16.383333;31.7;24.45;18.5;63.625;36;6.6;1.1;
2021-04-28;null;985.441667;13.845833;31.2;23.045833;15.1;60.708333;31;5.8;.816667;
2021-04-29;null;986.804167;12.7625;31;22.470833;15.6;58.583333;26;5.8;.704167;
2021-04-30;null;986.766667;13.208333;29.7;21.704167;15.4;61.5;34;7;.904167;
2021-05-01;null;985.55;15.708333;33.6;23.670833;15.6;64.375;36;7.2;.570833;
2021-05-02;null;985.645833;18.475;34;25.3375;18.6;69.25;35;6.6;.645833;
2021-05-03;null;984.875;17.5625;34.8;25.283333;18.3;67.708333;27;6.5;.6125;
2021-05-04;null;985.279167;15.154167;34;24.1125;16.4;63.791667;25;6.6;.529167;
2021-05-05;null;985.7875;14.116667;34.7;23.3;14.1;64.333333;21;8.4;.629167;
2021-05-06;null;988.5625;15.5875;25.5;18.583333;16.4;83;52;7.9;3.1625;
2021-05-07;null;990.404167;14.716667;20.5;17.379167;15.1;84.875;71;7.7;1.533333;
2021-05-08;null;989.841667;14.029167;31.2;19.408333;12;76.083333;32;4.5;.291667;
2021-05-09;null;987.929167;13.4375;33.2;22.129167;13.7;64.75;24;6.2;.616667;
2021-05-10;null;987.358333;12.758333;33.6;22.979167;13.8;58.458333;22;6.9;.583333;
2021-05-11;null;985.295833;13.041667;34.4;23.204167;14;58.375;23;5.8;.558333;
2021-05-12;null;986.304167;17.825;27.8;22.795833;19;75.083333;49;8.8;2.054167;
2021-05-13;null;987.295833;17.025;28.8;21.820833;16.1;76.625;48;6.8;.666667;
2021-05-14;null;986.441667;16.345833;31.7;23.533333;17.2;67.625;36;4.7;.591667;
2021-05-15;null;985.7625;15.8;33.4;24.995833;17.9;60.375;29;7;.695833;
2021-05-16;null;985.925;15.766667;33.7;25.7875;18.7;56.541667;31;6;.829167;
2021-05-17;null;986.575;15.1;33.9;24.15;16.8;62.75;25;6.2;.395833;
2021-05-18;null;986.058333;13.6;33.6;23.458333;15;60.333333;21;5.7;.454167;
2021-05-19;null;984.629167;13.529167;33.9;23.025;15;60.875;23;6.6;.475;
2021-05-20;null;983.35;13.666667;34.9;24.05;14.9;58.416667;23;9.8;.933333;
2021-05-21;null;982.041667;15.075;34.4;24.266667;15.5;61.458333;28;9.3;1.020833;
2021-05-22;null;981.970833;20.1375;27;22.883333;20.3;84.875;57;7.4;.845833;
2021-05-23;null;986.175;18.7375;22.2;19.6375;21.1;94.541667;77;8.1;1.170833;
2021-05-24;null;988.629167;12.904167;24.2;18.354167;13.5;72.625;47;7.6;1.4;
2021-05-25;null;987.5625;14.2;29.9;20.8125;14.4;67.625;43;4.1;.325;
2021-05-26;null;986.791667;18.004167;33.2;23.683333;17.5;73.833333;33;3.3;.191667;
2021-05-27;null;984.491667;19.054167;33.2;24.6125;18.5;74.833333;38;4.6;.3875;
2021-05-28;null;981.55;19.583333;33.4;24.929167;18.9;76.041667;39;10.7;.754167;
2021-05-29;null;982.9125;18.245833;33;24.75;18.3;72.083333;34;7.8;.891667;
2021-05-30;null;985.1125;17.9125;32.1;23.270833;17.2;75.833333;36;6.6;.704167;
2021-05-31;null;986.504167;18.925;31.6;23.316667;17.7;78.958333;41;5.3;.329167;
2021-06-01;null;984.733333;19.25;30.3;23.525;18.6;78.625;48;4.8;.391667;
2021-06-02;null;984.220833;17.945833;32.2;22.795833;16.4;77.25;41;7.8;.5375;
2021-06-03;null;986.175;18.6625;33;24.15;18.1;74.916667;36;5.8;.2875;
2021-06-04;null;985.9125;17.391667;33.1;23.833333;17.8;71.875;32;7.8;.641667;
2021-06-05;null;985.158333;16.008333;32.6;22.566667;15.2;71.416667;29;8.8;.708333;
2021-06-06;null;984.991667;16.795833;32.9;23.241667;16.5;71.625;33;6.1;.395833;
2021-06-07;null;984.1625;18.320833;32.3;23.816667;17.3;74.458333;41;5.3;.358333;
2021-06-08;null;984.533333;18.8625;31.7;23.883333;18.1;76.25;43;11.6;.8;
2021-06-09;null;984.495833;18.608333;31.5;23.929167;19.1;74.083333;43;6.5;.716667;
2021-06-10;null;985.0125;19.233333;24.8;22.954167;21.2;79.666667;70;6.9;1.145833;
2021-06-11;null;987.775;17.8;25.9;20.795833;17.4;83.958333;59;10.4;1.054167;
2021-06-12;null;988.183333;16.679167;26.8;20.4625;16.8;80.458333;53;7;1.108333;
2021-06-13;null;987.2375;15.416667;27.9;19.595833;13.4;79.625;46;6.6;.375;
2021-06-14;null;986.875;15.670833;30.1;20.5625;14;76.625;41;4;.354167;
2021-06-15;null;987.475;16.416667;30.6;21.8375;15.2;75.25;34;4.7;.408333;
2021-06-16;null;986.904167;15.383333;28.8;20.8375;14.8;74.25;35;5.1;.533333;
2021-06-17;null;988.295833;15.533333;28.4;21.125;15.2;72.708333;41;4.9;.745833;
2021-06-18;null;988.504167;15.8;26.6;19.4875;14.2;81.208333;54;7.6;1.075;
2021-06-19;null;988.725;15.129167;25.4;18.4375;13.5;82.708333;55;8;1.645833;
2021-06-20;null;989.241667;14.945833;27.8;19.0875;12.7;79.375;45;4.2;.529167;
2021-06-21;null;987.195833;16.883333;31.4;21.6125;15;77.416667;41;5.3;.291667;
2021-06-22;null;987.145833;18.420833;31.6;23.341667;16.8;76.833333;43;3.2;.1625;
2021-06-23;null;985.754167;17.645833;33.2;24.4625;18.6;70.083333;33;7;.8125;
2021-06-24;null;984.55;15.741667;32.8;22.641667;15;70.708333;29;9.1;.8375;
2021-06-25;null;984.829167;16.0375;32.4;22.1875;15;72.458333;31;3.8;.191667;
2021-06-26;null;983.508333;13.908333;34.5;23.083333;15.1;65;19;8.9;.708333;
2021-06-27;null;985.025;14.65;31.7;21.366667;14;69.416667;32;10;1.5625;
2021-06-28;null;992.5;11.5;20.4;15.645833;15.4;76.375;64;9;2.391667;
2021-06-29;null;997.354167;2.054167;18.5;12.433333;9.4;51;26;9.8;2.429167;
2021-06-30;null;994.591667;.866667;21;11.804167;3.8;51.791667;18;9.1;1.208333;
2021-07-01;null;991.225;.975;25.6;12.291667;1.9;53.25;17;8.1;.816667;
2021-07-02;null;990.383333;5.35;30.3;15.670833;4.6;56.25;23;5.3;.220833;
2021-07-03;null;990.566667;9.395833;31.8;19.041667;9.6;60.291667;22;5.8;.216667;
2021-07-04;null;989.370833;9.2625;31.3;18.979167;9.3;60.458333;19;6.5;.320833;
2021-07-05;null;990.0875;8.9875;30.8;18.891667;9.1;59.708333;18;5.2;.325;
2021-07-06;null;989.045833;7.8;30.5;18.35;8.8;57.541667;17;7.5;.516667;
2021-07-07;null;986.933333;7.854167;31.6;18.470833;8.2;57.916667;19;5.3;.270833;
2021-07-08;null;987;8.816667;32.3;19.691667;10.6;56.708333;18;5.1;.425;
2021-07-09;null;986.4625;8.741667;31.9;20.016667;11.4;55.833333;15;5;.529167;
2021-07-10;null;986.504167;9.033333;32.4;19.95;9.7;56.541667;19;7.8;.45;
2021-07-11;null;986.804167;10.120833;31.8;19.941667;10.5;59.416667;22;4.9;.375;
2021-07-12;null;985.945833;10.683333;32.8;20.445833;11.1;60.875;19;6.7;.504167;
2021-07-13;null;986.654167;10.604167;33.9;20.970833;10.6;58.875;20;4.4;.3625;
2021-07-14;null;985.575;10.770833;34.9;21.958333;11.8;56.708333;18;6.5;.595833;
2021-07-15;null;985.329167;11.158333;34.5;22.4875;12.7;56.083333;20;6.8;.783333;
2021-07-16;null;984.391667;12.8375;32;22.045833;13.1;60.583333;28;8.4;1.0875;
2021-07-17;null;986.0875;15.008333;33.1;23.758333;16.6;62.125;29;5.2;.3;
2021-07-18;null;991.166667;14.175;26.5;20.704167;19.6;67.041667;43;9.5;1.929167;
2021-07-19;null;993.279167;-.258333;23.2;16.395833;10.1;34.875;16;11.5;2.154167;
2021-07-20;null;990.383333;-2.325;27.7;16.304167;7.2;30.875;11;6.8;.345833;
2021-07-21;null;990.075;.6875;32.1;19.058333;8.4;35.666667;8;4;.054167;
2021-07-22;null;990.4875;3.45;33.9;20.883333;10;36.916667;13;5.9;.2625;
2021-07-23;null;988.008333;7.833333;34.6;22.7625;13.1;41.75;20;8.1;.3125;
2021-07-24;null;986.341667;10.958333;34.5;22.929167;12.8;52.625;21;6.7;.2375;
2021-07-25;null;984.9375;11.779167;35.5;23.620833;13.5;54.083333;21;8;.716667;
2021-07-26;null;984.4125;12.070833;35;23.691667;13.8;54.958333;21;7;.654167;
2021-07-27;null;985.525;13.858333;31;21.679167;14.6;63.958333;31;11.9;2.204167;
2021-07-28;null;992.283333;6.370833;19.3;15.183333;12.5;56.75;35;9.2;1.283333;
2021-07-29;null;995.416667;-.025;21;13.708333;9.2;42.083333;19;10.2;1.1625;
2021-07-30;null;992.708333;-2.879167;25.5;14.745833;6.2;33.916667;11;7.8;.85;
2021-07-31;null;990.754167;-.454167;31.1;19.233333;10.4;28.625;14;6.3;.4875;
2021-08-01;null;992.866667;4.8125;31.4;21.366667;11.6;35.958333;19;8.2;1.2625;
2021-08-02;null;992.395833;8.5875;31.9;22.845833;16.5;42.041667;23;7.3;1.0875;
2021-08-03;null;990.770833;9.341667;31;21.958333;12.5;48.166667;24;8.3;.791667;
2021-08-04;null;991.0875;7.254167;28.7;21.075;14.4;43.208333;22;6.9;.908333;
2021-08-05;null;990.429167;6.475;30.5;20.383333;12.1;43.708333;20;6.2;.554167;
2021-08-06;null;989.033333;8.7625;34.5;22.7;12.3;46.666667;18;7.1;.795833;
2021-08-07;null;986.7375;9.495833;35.2;24.241667;14;44.25;18;8.4;.620833;
2021-08-08;null;986.0125;9.695833;35.2;24.325;14.3;44.791667;17;7.4;.5375;
2021-08-09;null;987.05;9.791667;35.4;24.275;14;45.75;18;6.1;.475;
2021-08-10;null;986.641667;10.929167;34.7;24.216667;13.4;48.541667;21;6.9;1.095833;
2021-08-11;null;987.925;12.441667;29.5;21.9875;14.7;57.333333;33;8.5;2.1;
2021-08-12;null;988.208333;12.420833;30;20.816667;12.8;61.791667;34;7.5;1.658333;
2021-08-13;null;987.0375;12.5375;33.6;23.4;14.4;55.541667;22;6.1;.608333;
2021-08-14;null;986.779167;12.154167;34.6;23.929167;14.8;52.416667;23;6.3;.870833;
2021-08-15;null;984.641667;10.583333;36.5;25.008333;14.2;47.5;15;5.4;.604167;
2021-08-16;null;982.8875;10.608333;37.8;25.675;15.5;45.083333;16;8.7;.7125;
2021-08-17;null;983.5875;10.6625;38.9;26.725;15.7;44.083333;13;10.4;.6625;
2021-08-18;null;985.125;8.85;38.9;27.733333;17;37.25;11;8.8;.925;
2021-08-19;null;983.441667;7.408333;38;26.404167;14.8;36.041667;13;9;1.033333;
2021-08-20;null;982.470833;7.529167;37;25.045833;13.3;40.291667;13;8.8;.7;
2021-08-21;null;983.270833;7.85;36.3;25.620833;15.5;37.166667;14;9.3;.7125;
2021-08-22;null;980.620833;9.058333;38.6;25.8;14.8;41.041667;14;9.6;1.029167;
2021-08-23;null;979.3125;10.654167;38.2;26.891667;16;41.375;16;10.1;1.025;
2021-08-24;null;978.6625;10.966667;39.2;27.55;17.2;42;14;10.8;1;
2021-08-25;null;978.379167;9.995833;39.5;27.7;16.9;39.083333;14;11.7;1.133333;
2021-08-26;null;981.7375;12.3875;31;26.295833;20.8;43.958333;28;9.1;1.4125;
2021-08-27;null;983.991667;12.033333;31.9;25.0375;19.6;45.416667;29;9.5;1.725;
2021-08-28;null;986.333333;13.145833;31.2;25.158333;21.1;48.208333;30;13.3;2.975;
2021-08-29;null;988.7;17.075;25.8;22.216667;22;73.666667;49;9.7;2.495833;
2021-08-30;null;985.7875;15.258333;33.9;23.4375;15.6;67.875;23;8.4;1.133333;
2021-08-31;null;984.2375;12.125;36.1;26.6375;19.1;45.958333;15;9.6;.904167;
2021-09-01;null;984.05;9.395833;37.6;27.6375;19.5;35.375;14;12.2;.845833;
2021-09-02;0;983.0375;8.6;39.1;28.645833;18.5;31.75;11;9.1;1.1;
2021-09-03;0;982.558333;12.020833;38.2;28.5625;19.1;39.333333;19;8.8;.720833;
2021-09-04;0;981.304167;15.395833;38.4;29.179167;19.6;47.666667;22;10.5;1.404167;
2021-09-05;0;981.5625;15.308333;39.6;28.683333;20.7;47.708333;20;9.4;.8;
2021-09-06;0;981.583333;14.116667;40.7;29.6;21.2;45.583333;14;7.2;.645833;
2021-09-07;0;979.295833;12.745833;41;29.745833;19.5;40.625;15;11;1.2375;
2021-09-08;0;979.733333;15.470833;39.8;30.266667;21.5;43.333333;24;11.9;1.754167;
2021-09-09;0;983.995833;18.545833;32.5;26.595833;22.5;62.166667;39;9.7;2.154167;
2021-09-10;0;986.826087;11.891304;29.9;23.83913;19.6;49.608696;29;8.4;2.03913;
2021-09-11;0;985.120833;9.633333;36.5;26.908333;19.3;36.416667;19;7.2;.941667;
2021-09-12;0;982.529167;13.683333;40.5;29.066667;21.5;41.166667;19;12.2;.85;
2021-09-13;7.4;981.616667;18.779167;34;27.033333;22.1;62.833333;32;11.9;.995833;
2021-09-14;5.4;981.179167;18.075;38.1;28.691667;20.8;57.416667;25;10.4;1.466667;
2021-09-15;0;983.783333;19.133333;36.6;29.395833;23;56.208333;32;8.1;1.05;
2021-09-16;0;985.813043;18.608696;38.4;29.395652;22;55.565217;26;11.4;.969565;
2021-09-17;0;983.604167;16.829167;38.9;30.6375;23.1;47.5;22;8.1;1.05;
2021-09-18;0;980.879167;14.979167;40.5;32.008333;24.4;39.916667;15;7.5;.820833;
2021-09-19;0;980.452174;10.978261;41.7;30.586957;19.9;38.391304;10;8.1;.66087;
2021-09-20;0;980.53913;8.7;42.4;30.282609;18.5;32.782609;8;11.4;.813043;
2021-09-21;0;981.495833;12.229167;40.5;29.916667;19.6;37.5;14;10.9;1.620833;
2021-09-22;0;981.408333;17.191667;39.2;29.879167;21.1;51.041667;21;7.6;1.3125;
2021-09-23;0;982.225;11.695833;36.5;29.604167;23.7;34.375;20;8.7;1.45;
2021-09-24;0;983.508696;10.969565;39.5;30.473913;21.2;32.347826;16;7.5;1.16087;
2021-09-25;0;982.9625;12.770833;39.7;31.033333;22.5;34.791667;19;7.5;1.0875;
2021-09-26;0;983.554167;15.95;38.8;27.208333;20.3;53.708333;25;13.6;1.833333;
2021-09-27;7.8;985.804167;16.85;35.5;26.445833;20.3;61.041667;26;9;.808333;
2021-09-28;0;982.65;16.05;39;28.9875;20.4;51.708333;21;6.3;.779167;
2021-09-29;null;980.533333;16.419048;39.6;null;21.3;48.571429;19;7.8;.971429;
2021-09-30;0;979.204545;17.381818;39.4;30.368182;22.1;49.409091;25;11;1.004545;
2021-10-01;0;978.2125;18.1625;40.4;31.191667;22.7;51.541667;22;12.6;1.720833;
2021-10-02;24.6;979.454167;19.925;34.8;27.4;21.1;66.291667;36;13.8;2.05;
2021-10-03;5;978.604348;19.478261;36.9;29.773913;23.4;56.434783;32;11.5;1.691304;
2021-10-04;null;980.409091;20.377273;34.7;28.959091;23.6;61.590909;41;10.2;1.895455;
2021-10-05;0;982.291667;19.158333;35.4;27.766667;21.5;62.666667;32;6.5;.620833;
2021-10-06;0;981.363636;18.945455;37.7;30.486364;23.2;54.136364;29;9.7;.931818;
2021-10-07;0;981.633333;20.120833;30.8;26;24.6;70.791667;42;11.5;1.566667;
2021-10-08;2.4;979.975;19.3125;36;27.275;21.7;66.791667;30;10.5;.633333;
2021-10-09;.4;979.470833;19.741667;37.3;30.3375;23.8;56;31;9.7;1.545833;
2021-10-10;0;980.420833;21.4625;33.1;25.4125;21.9;80.291667;48;10.9;2.104167;
2021-10-11;.2;982.3375;20.8625;30.1;24.833333;21.3;79.291667;58;6.7;.841667;
2021-10-12;.2;981.834783;21.565217;32.9;27.691304;23.3;71.217391;44;5.2;.604348;
2021-10-13;0;978.3125;20.9375;36.8;28.908333;22.1;66.625;34;7.6;.975;
2021-10-14;0;978.15;20.945455;34.3;25.454545;24.2;77.136364;46;15.3;1.263636;
2021-10-15;0;979.825;19.620833;36.5;26.970833;20.4;68.25;35;16.5;2.0875;
2021-10-16;0;985.3375;19.729167;28.5;23.125;19.6;82.083333;60;7.8;1.5875;
2021-10-17;0;984.104348;20.23913;32;25.547826;20.8;75.043478;45;5.8;.321739;
2021-10-18;0;982.570833;20.720833;33.2;26.8;21.9;71.458333;44;8.5;1.1875;
2021-10-19;0;984.081818;21.490909;32.4;25.886364;23;78.227273;48;10;.672727;
2021-10-20;0;983.425;19.754167;32.6;26.175;20.8;71.625;35;6.7;.725;
2021-10-21;0;981.754167;17.1625;34.5;26.529167;20.1;60.166667;29;6.6;.6625;
2021-10-22;0;979.733333;17.941667;35.8;27.375;19.9;60.416667;30;6.3;.595833;
2021-10-23;0;976.66087;19.96087;37.6;30.243478;22.8;57.695652;32;15.9;2.095652;
2021-10-24;0;982.478261;20.034783;32.8;23.395652;20.2;83.782609;43;11.8;1.552174;
2021-10-25;0;985.665217;19.821739;30.6;24.352174;19.9;78.565217;48;5.1;.686957;
2021-10-26;0;985.586957;20.578261;28.4;24.634783;21;78.73913;62;3.2;.221739;
2021-10-27;0;984.926087;21.16087;32.9;26.986957;23.1;72.565217;45;6.3;.917391;
2021-10-28;0;985.427273;21.095455;35.2;28.018182;22.6;69.545455;36;6.1;.840909;
2021-10-29;null;983.386364;19.681818;36.2;28.377273;21.9;62.636364;31;8.4;.959091;
2021-10-30;0;982.018182;21.145455;33.1;25.713636;21.7;77.545455;48;12.7;1.095455;
2021-10-31;null;981.278261;21.478261;33.4;26.934783;21.7;75.086957;40;7.1;1.052174;
2021-11-01;null;980.778261;20.713043;33.7;27.291304;21.5;69.304348;43;8.5;.686957;
2021-11-02;null;980.631818;19.068182;35.5;28.3;21.4;60.772727;31;7;.668182;
2021-11-03;null;979.2;17.465217;36.6;28.652174;20.8;55.347826;25;6.2;.73913;
2021-11-04;null;979.183333;20.041667;35.5;29.341667;23.7;60;34;8.1;1.758333;
2021-11-05;null;979.591304;21.347826;35.6;27.126087;22.1;72.695652;38;12.7;1.143478;
2021-11-06;null;981.363636;21.909091;31.8;25.622727;23.1;80.954545;56;9.8;.586364;
2021-11-07;null;982.013043;19.473913;31.7;24.191304;19.1;76.434783;52;7.2;2.295652;
2021-11-08;null;980.936364;21.472727;35;27.022727;21.1;74.5;42;11.9;.631818;
2021-11-09;null;979.882609;20.434783;36.2;28.626087;21.9;65.043478;33;6.2;1.156522;
2021-11-10;null;978.921739;21.921739;35.1;27.091304;22.9;75.391304;42;15.1;.626087;
2021-11-11;null;982.095455;21.463636;31.4;25.240909;21.3;80.727273;59;12.5;1.531818;
2021-11-12;null;982.168182;22.518182;32.8;26.686364;22.1;79.454545;53;7.5;1.104545;
2021-11-13;null;980.952174;21.308696;33.6;27.326087;22.1;72.782609;43;9.1;1.156522;
2021-11-14;null;980.040909;22.6;31.4;26.045455;23.4;81.818182;61;9.5;.559091;
2021-11-15;null;980.426087;22.482609;31.3;25.804348;21.9;83.304348;58;7.5;1.395652;
2021-11-16;null;980.395833;22.283333;33.1;27.35;22.9;76;48;7;.8375;
2021-11-17;null;980.091304;22.908696;27.9;24.891304;23.4;89.043478;72;5.8;.66087;
2021-11-18;null;980.566667;20.961905;28.6;null;20.5;84.142857;67;7.4;2.02381;
2021-11-19;null;981.554545;21.363636;30.2;25.295455;21.6;79.545455;57;9;1.768182;
2021-11-20;null;981.652174;22.291304;32.1;25.795652;22.3;82.565217;50;5.9;.421739;
2021-11-21;null;981.029167;22.5125;34.1;27.333333;22.3;77.291667;46;9.5;.916667;
2021-11-22;null;979.975;21.675;34.1;27.9;22.5;71.041667;46;5.2;.508333;
2021-11-23;null;981.218182;23.077273;35.1;28.822727;24.3;73;45;10.5;.918182;
2021-11-24;null;981.504348;21.486957;35.3;27.895652;22.6;71;42;13.5;1.208696;
2021-11-25;null;981.230435;21.713043;34.5;27.513043;22.2;73.913043;40;13.5;1.395652;
2021-11-26;null;980.152381;22.22381;33.5;null;23.2;73.761905;50;10.6;1.809524;
2021-11-27;null;978.208696;22.482609;35.3;28.391304;22.5;73.869565;42;10;1.595652;
2021-11-28;null;977.634783;22.104348;35.5;29.947826;24;65.173913;43;9.7;1.73913;
2021-11-29;null;977.92381;22.552381;33;null;25.6;72.428571;54;16.2;1.92381;
2021-11-30;null;null;null;30.7;null;23.4;73.588235;58;9.4;null;
2021-12-01;null;979.565217;21.921739;34.2;27.443478;22;74.869565;43;8.8;.7;
2021-12-02;null;980.125;22.683333;29;25.745833;24;83.625;68;7.3;.858333;
2021-12-03;null;978.83;22.575;34.1;null;22.3;74;44;3.9;.255;
2021-12-04;null;980.004167;22.320833;36.5;29.304167;23.2;69.791667;36;6.9;.9125;
2021-12-05;null;981.813043;21.065217;36.3;28.808696;22.1;66.391304;27;11.1;.904348;
2021-12-06;null;981.917391;21.665217;35.5;27.647826;23.7;71.565217;40;13.1;1.369565;
2021-12-07;null;979.5375;21.3625;35;27.575;21.7;73;35;11.9;.629167;
2021-12-08;null;979.821739;19.230435;34.1;26.943478;21.4;65.391304;37;8.9;1.421739;
2021-12-09;null;980.779167;16.304167;34.1;25.929167;18.2;60.083333;26;7.9;.858333;
2021-12-10;null;979.256522;16.782609;35.4;26.882609;17.9;58.434783;30;6.1;.73913;
2021-12-11;null;976.533333;19.354167;36.1;27.55;20.7;63.416667;34;10.4;.583333;
2021-12-12;null;976.829167;22.104167;30.8;25.675;24.9;81.416667;57;17.1;.75;
2021-12-13;null;979.204348;22.869565;28.2;24.186957;21.8;92.652174;74;9.1;1.004348;
2021-12-14;null;979.717391;22.330435;25.4;23.078261;21;95.782609;83;7.1;.582609;
2021-12-15;null;979.073913;23.065217;31.9;26.569565;21.2;82.608696;57;8;1.678261;
2021-12-16;null;978.104762;22.461905;32.5;null;21.9;81.571429;57;10.9;1.371429;
2021-12-17;null;978.620833;23.379167;29.9;24.608333;22.8;93.208333;68;8.8;1.083333;
2021-12-18;null;980.209091;23.445455;31.1;25.390909;22;89.636364;64;6.2;.527273;
2021-12-19;null;980.672727;23.481818;31.6;24.827273;23.5;92.909091;61;8.7;.627273;
2021-12-20;null;979.75;22.795833;34;27.041667;22.7;80.25;47;7.7;.779167;
2021-12-21;null;978.436364;23.154545;33.6;27.163636;23.3;80.318182;53;7.7;.618182;
2021-12-22;null;979.304348;23.643478;28.3;26.195652;24.8;86;77;8.8;1.030435;
2021-12-23;null;979.686957;23.46087;30.9;26.147826;24;85.869565;62;8.7;1.817391;
2021-12-24;null;977.77619;22.219048;32.8;null;21.9;82.47619;52;5.6;.7;
2021-12-25;null;978.913636;21.5;33.3;27.704545;22.1;72.318182;39;5.8;.490909;
2021-12-26;null;979.604167;19.308333;34.6;27.591667;21.5;66.041667;27;4.7;.608333;
2021-12-27;null;978.956522;18.756522;35.5;26.852174;19.2;67;27;4.4;.265217;
2021-12-28;null;979.8;20.913043;35.6;27.569565;21;70.217391;39;9;1.004348;
2021-12-29;null;981.15;22.095455;34.3;26.413636;22.3;78.727273;48;13.7;1.713636;
2021-12-30;null;979.295652;21.06087;32.4;25.482609;20.1;78.956522;51;8.8;.621739;
2021-12-31;null;976.930435;21.66087;31.8;25.813043;22.8;80.086957;49;9.4;1.613043;
2022-01-01;null;977.363636;20.686364;33.9;26.154545;20.4;75.590909;42;6.2;.922727;
2022-01-02;null;978.835;22.115;32.2;null;23;74.45;53;9.8;1.605;
2022-01-03;null;null;null;34.3;null;23.6;68;48;11.3;null;
2022-01-04;null;null;null;null;null;null;72.692308;55;12.2;null;
2022-01-05;null;null;null;null;null;null;null;77;null;null;
2022-01-06;null;null;null;null;null;null;67;52;null;null;
2022-01-07;null;978.663158;22.647368;31.6;null;22.6;81.842105;58;7.9;.794737;
2022-01-08;null;null;null;null;null;null;null;47;null;null;
2022-01-09;null;null;null;null;null;null;null;41;null;null;
2022-01-10;null;null;null;null;null;null;65.166667;47;null;null;
2022-01-11;null;null;null;33.7;null;21.2;64.882353;35;7.8;null;
2022-01-12;null;980.454545;20.059091;32.4;25.331818;20;75.136364;44;11.4;.840909;
2022-01-13;null;982.35;21.32;31.3;null;20;82.35;58;7.5;.895;
2022-01-14;null;985.47619;21.519048;33.8;null;22.1;73.285714;43;8.4;1.357143;
2022-01-15;null;985.366667;22.166667;36;null;22.3;72.047619;39;5.3;.538095;
2022-01-16;null;982.708333;21.779167;35.3;28.629167;23.9;70.875;36;9.6;.9625;
2022-01-17;null;981.878261;19.321739;36.7;28.056522;20.5;65.695652;26;9.1;.843478;
2022-01-18;null;983.29;20.88;35.6;null;22.2;70.714286;36;14.1;.875;
2022-01-19;null;984.781818;21.368182;34.6;25.904545;21.1;78.681818;45;9.7;.977273;
2022-01-20;null;984.670833;21.8875;32.5;24.420833;22;87.041667;54;11.1;1.058333;
2022-01-21;null;983.114286;21.833333;34.5;null;22.1;78.619048;43;20.3;1.033333;
2022-01-22;null;982.278261;20.995652;35.6;27.017391;20.7;74.086957;32;7.2;.417391;
2022-01-23;null;981.086957;22.021739;36.5;28.204348;22.2;72.304348;35;6.6;.526087;
2022-01-24;null;981.270833;22.045833;35.3;27.15;23.5;75.375;47;13.5;1.116667;
2022-01-25;null;980.568421;21.826316;33.1;null;21.4;77.526316;46;24.3;1.415789;
2022-01-26;null;980.595455;22.068182;34;26.6;21.2;78.227273;47;7.6;1.095455;
2022-01-27;null;980.4;22.386364;29.6;26.031818;23.3;80.954545;64;8.5;1.054545;
2022-01-28;null;978.317391;22.495652;32.4;26.282609;22.6;81.217391;52;7.8;1.291304;
2022-01-29;null;977.791304;23.221739;28.4;24.895652;22.9;90.826087;74;9;1.078261;
2022-01-30;null;979.140909;22.877273;30.4;25.3;22.7;87.090909;63;8.8;1.009091;
2022-01-31;null;980.386957;21.917391;29.9;23.904348;22.5;89.347826;63;10.4;1.330435;
2022-02-01;null;980.595833;22.154167;29.6;24.1375;20.5;89.458333;64;10.5;.9875;
2022-02-02;null;981.071429;22.142857;32;null;23.2;78.238095;51;9.9;1.457143;
2022-02-03;null;981.43913;22.330435;32.9;27.121739;22.2;76.869565;52;10.6;1.391304;
2022-02-04;null;null;null;34.3;null;23.2;65;43;10.8;null;
2022-02-05;null;981.022727;22.522727;33.9;27.381818;23;76.363636;46;13.7;1.6;
2022-02-06;null;null;null;null;null;null;null;61;null;null;
2022-02-07;null;null;null;null;null;null;null;51;null;null;
2022-02-08;null;null;null;null;null;null;null;49;null;null;
2022-02-09;null;null;null;null;null;null;null;31;null;null;
2022-02-10;null;null;null;null;null;null;null;48;null;null;
2022-02-11;null;null;null;null;null;null;null;46;null;null;
2022-02-12;null;null;null;null;null;null;null;44;null;null;
2022-02-13;null;null;null;null;null;null;null;41;null;null;
2022-02-14;null;null;null;null;null;null;null;51;null;null;
2022-02-15;null;null;null;null;null;null;null;39;null;null;
2022-02-16;null;null;null;null;null;null;null;45;null;null;
2022-02-17;null;null;null;null;null;null;null;46;null;null;
2022-02-18;null;null;null;null;null;null;null;57;null;null;
2022-02-19;null;null;null;null;null;null;null;36;null;null;
2022-02-20;null;null;null;null;null;null;null;53;null;null;
2022-02-21;null;null;null;null;null;null;null;48;null;null;
2022-02-22;null;null;null;null;null;null;null;52;null;null;
2022-02-23;null;null;null;null;null;null;null;40;null;null;
2022-02-24;null;null;null;null;null;null;null;59;null;null;
2022-02-25;null;null;null;null;null;null;null;37;null;null;
2022-02-26;null;null;null;null;null;null;null;46;null;null;
2022-02-27;null;null;null;null;null;null;null;36;null;null;
2022-02-28;null;null;null;null;null;null;null;36;null;null;
2022-03-01;null;null;null;null;null;null;null;48;null;null;
2022-03-02;null;null;null;null;null;null;null;56;null;null;
2022-03-03;null;null;null;null;null;null;null;59;null;null;
2022-03-04;null;null;null;null;null;null;null;50;null;null;
2022-03-05;null;null;null;null;null;null;null;47;null;null;
2022-03-06;null;null;null;null;null;null;null;43;null;null;
2022-03-07;null;null;null;null;null;null;null;45;null;null;
2022-03-08;null;null;null;null;null;null;null;48;null;null;
2022-03-09;null;null;null;null;null;null;null;37;null;null;
2022-03-10;null;null;null;null;null;null;null;43;null;null;
2022-03-11;null;null;null;null;null;null;null;46;null;null;
2022-03-12;null;null;null;null;null;null;null;77;null;null;
2022-03-13;null;null;null;null;null;null;null;55;null;null;
2022-03-14;null;null;null;null;null;null;null;54;null;null;
2022-03-15;null;null;null;null;null;null;null;48;null;null;
2022-03-16;null;null;null;null;null;null;null;45;null;null;
2022-03-17;null;null;null;null;null;null;null;61;null;null;
2022-03-18;null;null;null;null;null;null;null;49;null;null;
2022-03-19;null;null;null;null;null;null;null;52;null;null;
2022-03-20;null;null;null;null;null;null;null;47;null;null;
2022-03-21;null;null;null;null;null;null;null;53;null;null;
2022-03-22;null;null;null;null;null;null;null;44;null;null;
2022-03-23;null;null;null;null;null;null;null;42;null;null;
2022-03-24;null;null;null;null;null;null;null;null;null;null;
2022-03-25;null;null;null;null;null;null;null;64;null;null;
2022-03-26;null;null;null;null;null;null;null;67;null;null;
2022-03-27;null;null;null;null;null;null;null;58;null;null;
2022-03-28;null;null;null;null;null;null;null;42;null;null;
2022-03-29;null;null;null;null;null;null;null;42;null;null;
2022-03-30;null;null;null;null;null;null;null;48;null;null;
2022-03-31;null;null;null;null;null;null;null;77;null;null;
2022-04-01;null;null;null;null;null;null;null;73;null;null;
2022-04-02;null;null;null;null;null;null;null;56;null;null;
2022-04-03;null;null;null;null;null;null;null;40;null;null;
2022-04-04;null;null;null;null;null;null;null;40;null;null;
2022-04-05;null;null;null;null;null;null;null;32;null;null;
2022-04-06;null;null;null;null;null;null;null;34;null;null;
2022-04-07;null;null;null;null;null;null;null;35;null;null;
2022-04-08;null;null;null;null;null;null;null;33;null;null;
2022-04-09;null;null;null;null;null;null;null;36;null;null;
2022-04-10;null;null;null;null;null;null;null;40;null;null;
2022-04-11;null;null;null;null;null;null;null;40;null;null;
2022-04-12;null;null;null;null;null;null;null;46;null;null;
2022-04-13;null;null;null;null;null;null;null;55;null;null;
2022-04-14;null;null;null;null;null;null;null;54;null;null;
2022-04-15;null;null;null;null;null;null;null;43;null;null;
2022-04-16;null;null;null;null;null;null;null;38;null;null;
2022-04-17;null;null;null;null;null;null;null;26;null;null;
2022-04-18;null;null;null;null;null;null;null;30;null;null;
2022-04-19;null;null;null;null;null;null;null;37;null;null;
2022-04-20;null;null;null;null;null;null;null;30;null;null;
2022-04-21;null;null;null;null;null;null;null;22;null;null;
2022-04-22;null;null;null;null;null;null;null;29;null;null;
2022-04-23;null;null;null;null;null;null;null;63;null;null;
2022-04-24;null;null;null;null;null;null;null;45;null;null;
2022-04-25;null;null;null;null;null;null;null;36;null;null;
2022-04-26;null;null;null;null;null;null;null;34;null;null;
2022-04-27;null;null;null;null;null;null;null;34;null;null;
2022-04-28;null;null;null;null;null;null;null;45;null;null;
2022-04-29;null;null;null;null;null;null;null;27;null;null;
2022-04-30;null;null;null;null;null;null;null;27;null;null;
2022-05-01;null;null;null;null;null;null;null;29;null;null;
2022-05-02;null;null;null;null;null;null;null;29;null;null;
2022-05-03;null;null;null;null;null;null;null;69;null;null;
2022-05-04;null;null;null;null;null;null;null;43;null;null;
2022-05-05;null;null;null;null;null;null;null;41;null;null;
2022-05-06;null;null;null;null;null;null;null;33;null;null;
2022-05-07;null;null;null;null;null;null;null;29;null;null;
2022-05-08;null;null;null;null;null;null;null;29;null;null;
2022-05-09;null;null;null;null;null;null;null;29;null;null;
2022-05-10;null;null;null;null;null;null;null;24;null;null;
2022-05-11;null;null;null;null;null;null;null;46;null;null;
2022-05-12;null;null;null;null;null;null;null;47;null;null;
2022-05-13;null;null;null;null;null;null;null;34;null;null;
2022-05-14;null;null;null;null;null;null;null;35;null;null;
2022-05-15;null;null;null;null;null;null;null;null;null;null;
2022-05-16;null;null;null;null;null;null;null;48;null;null;
2022-05-17;null;null;null;null;null;null;null;24;null;null;
2022-05-18;null;null;null;null;null;null;null;23;null;null;
2022-05-19;null;null;null;null;null;null;null;32;null;null;
2022-05-20;null;null;null;null;null;null;null;31;null;null;
2022-05-21;null;null;null;null;null;null;null;20;null;null;
2022-05-22;null;null;null;null;null;null;null;15;null;null;
2022-05-23;null;null;null;null;null;null;null;26;null;null;
2022-05-24;null;null;null;null;null;null;null;21;null;null;
2022-05-25;null;null;null;null;null;null;null;23;null;null;
2022-05-26;null;null;null;null;null;null;null;26;null;null;
2022-05-27;null;null;null;null;null;null;null;30;null;null;
2022-05-28;null;null;null;null;null;null;null;29;null;null;
2022-05-29;null;null;null;null;null;null;null;33;null;null;
2022-05-30;null;null;null;null;null;null;null;45;null;null;
2022-05-31;null;null;null;null;null;null;null;65;null;null;
2022-06-01;null;null;null;null;null;null;null;57;null;null;
2022-06-02;null;null;null;null;null;null;null;62;null;null;
2022-06-03;null;null;null;null;null;null;null;52;null;null;
2022-06-04;null;null;null;null;null;null;null;33;null;null;
2022-06-05;null;null;null;null;null;null;null;29;null;null;
2022-06-06;null;null;null;null;null;null;null;28;null;null;
2022-06-07;null;null;null;null;null;null;null;35;null;null;
2022-06-08;null;null;null;null;null;null;null;67;null;null;
2022-06-09;null;null;null;null;null;null;null;89;null;null;
2022-06-10;null;null;null;null;null;null;null;89;null;null;
2022-06-11;null;null;null;null;null;null;null;52;null;null;
2022-06-12;null;null;null;null;null;null;null;48;null;null;
2022-06-13;null;null;null;null;null;null;null;25;null;null;
2022-06-14;null;null;null;null;null;null;null;34;null;null;
2022-06-15;null;null;null;null;null;null;null;27;null;null;
2022-06-16;null;null;null;null;null;null;null;31;null;null;
2022-06-17;null;null;null;null;null;null;null;47;null;null;
2022-06-18;null;null;null;null;null;null;null;64;null;null;
2022-06-19;null;null;null;null;null;null;null;52;null;null;
2022-06-20;null;null;null;null;null;null;null;33;null;null;
2022-06-21;null;null;null;null;null;null;null;29;null;null;
2022-06-22;null;null;null;null;null;null;null;26;null;null;
2022-06-23;null;null;null;null;null;null;null;27;null;null;
2022-06-24;null;null;null;null;null;null;null;19;null;null;
2022-06-25;null;null;null;null;null;null;null;24;null;null;
2022-06-26;null;null;null;null;null;null;null;25;null;null;
2022-06-27;null;null;null;null;null;null;null;28;null;null;
2022-06-28;null;null;null;null;null;null;null;25;null;null;
2022-06-29;null;null;null;null;null;null;null;29;null;null;
2022-06-30;null;null;null;null;null;null;null;31;null;null;
2022-07-01;null;null;null;null;null;null;null;23;null;null;
2022-07-02;null;null;null;null;null;null;null;26;null;null;
2022-07-03;null;null;null;null;null;null;null;23;null;null;
2022-07-04;null;null;null;null;null;null;null;27;null;null;
2022-07-05;null;null;null;null;null;null;null;15;null;null;
2022-07-06;null;null;null;null;null;null;null;17;null;null;
2022-07-07;null;null;null;null;null;null;null;17;null;null;
2022-07-08;null;null;null;null;null;null;null;19;null;null;
2022-07-09;null;null;null;null;null;null;null;23;null;null;
2022-07-10;null;null;null;null;null;null;null;22;null;null;
2022-07-11;null;null;null;null;null;null;null;21;null;null;
2022-07-12;null;null;null;null;null;null;null;33;null;null;
2022-07-13;null;null;null;null;null;null;null;27;null;null;
2022-07-14;null;null;null;null;null;null;null;15;null;null;
2022-07-15;null;null;null;null;null;null;null;18;null;null;
2022-07-16;null;null;null;null;null;null;null;26;null;null;
2022-07-17;null;null;null;null;null;null;null;40;null;null;
2022-07-18;null;null;null;null;null;null;null;23;null;null;
2022-07-19;null;null;null;null;null;null;null;15;null;null;
2022-07-20;null;null;null;null;null;null;null;18;null;null;
2022-07-21;null;null;null;null;null;null;null;19;null;null;
2022-07-22;null;null;null;null;null;null;null;21;null;null;
2022-07-23;null;null;null;null;null;null;null;18;null;null;
2022-07-24;null;null;null;null;null;null;null;14;null;null;
2022-07-25;null;null;null;null;null;null;null;18;null;null;
2022-07-26;null;null;null;null;null;null;null;18;null;null;
2022-07-27;null;null;null;null;null;null;null;19;null;null;
2022-07-28;null;null;null;null;null;null;null;20;null;null;
2022-07-29;null;null;null;null;null;null;null;42;null;null;
2022-07-30;null;null;null;null;null;null;null;29;null;null;
2022-07-31;null;null;null;null;null;null;null;20;null;null;
2022-08-01;null;null;null;null;null;null;null;14;null;null;
2022-08-02;null;null;null;null;null;null;null;14;null;null;
2022-08-03;null;null;null;null;null;null;null;12;null;null;
2022-08-04;null;null;null;null;null;null;null;16;null;null;
2022-08-05;null;null;null;null;null;null;null;18;null;null;
2022-08-06;null;null;null;null;null;null;null;15;null;null;
2022-08-07;null;null;null;null;null;null;null;45;null;null;
2022-08-08;null;null;null;null;null;null;null;35;null;null;
2022-08-09;null;null;null;null;null;null;null;76;null;null;
2022-08-10;null;null;null;null;null;null;null;32;null;null;
2022-08-11;null;null;null;null;null;null;null;29;null;null;
2022-08-12;null;null;null;null;null;null;null;14;null;null;
2022-08-13;null;null;null;null;null;null;null;15;null;null;
2022-08-14;null;null;null;null;null;null;null;14;null;null;
2022-08-15;null;null;null;null;null;null;null;20;null;null;
2022-08-16;null;null;null;null;null;null;null;35;null;null;
2022-08-17;null;null;null;null;null;null;null;40;null;null;
2022-08-18;null;982.933333;16.729167;32.9;24.258333;23.3;67.541667;34;15.4;2.125;
2022-08-19;24;994.670833;5.716667;20.6;16.270833;12.8;53.458333;26;9.5;2.754167;
2022-08-20;0;991.391667;8.25;25.2;15.308333;6.7;64.583333;43;10.3;1.725;
2022-08-21;0;989.4375;12.879167;31.4;21.733333;13.3;60.666667;31;4.8;1.329167;
2022-08-22;0;988.152632;14.715789;32.8;null;17.2;62.052632;26;8.1;1.357895;
2022-08-23;null;987.054167;13.275;33.7;25.508333;19.3;50.625;22;6.9;1.425;
2022-08-24;0;987.3;10.845833;34.6;25.045833;15.6;46.083333;16;8.3;1.508333;
2022-08-25;0;986.520833;9.216667;34.7;24.220833;13.6;45.291667;14;7.3;1.0625;
2022-08-26;0;985.4625;9.445833;35.4;24.55;14.5;43.875;16;8;1.2;
2022-08-27;0;983.033333;10.6;37.5;25.116667;14.8;47.583333;15;7.5;1.320833;
2022-08-28;0;984.920833;12.195833;36.9;26.620833;19.1;46.125;16;5.7;.904167;
2022-08-29;0;987.770833;14.5;32.1;25.9;19.4;50.5;32;8.2;2.075;
2022-08-30;0;987.633333;12.420833;30.6;24.016667;20;50.458333;30;10.6;2.4875;
2022-08-31;0;985.570833;11.745833;35.1;25.258333;16.3;46.291667;21;7;1.6625;
2022-09-01;0;982.1375;10.916667;37.8;27.279167;17.8;42.291667;13;8.4;1.445833;
2022-09-02;0;983.195833;11.470833;37.6;26.5375;17.7;43.333333;16;10.9;1.604167;
2022-09-03;0;986.426087;16.721739;31.2;24.456522;19;63.304348;40;8.5;2.013043;
2022-09-04;0;987.116667;15.379167;33.2;24.095833;16;61.625;33;6.4;1.654167;
2022-09-05;0;987.230435;14.386957;34.1;26.413043;19.6;50.434783;26;7.7;2.091304;
2022-09-06;0;986.845833;13.15;35.4;26.116667;17.1;48.083333;21;9.5;1.875;
2022-09-07;0;982.533333;13.95;38;26.479167;17.1;53.625;15;7.6;1.2375;
2022-09-08;0;980.683333;15.170833;36.8;26.4125;18.4;53.416667;28;9.7;1.35;
2022-09-09;0;982.329167;15.425;38.6;28.091667;18.8;54.583333;17;12.2;1.695833;
2022-09-10;0;984.804167;17.608333;35.4;26.6125;19.9;60.416667;35;7.7;1.641667;
2022-09-11;0;983.941667;15.575;36.4;25.75;17.5;57.833333;26;5.9;1.433333;
2022-09-12;0;981.316667;15.829167;38;27.945833;19.2;53.5;20;7.8;1.358333;
2022-09-13;0;980.004348;15.913043;38.1;28.943478;19.6;49.434783;22;8.3;1.4;
2022-09-14;0;983.466667;18.179167;31.4;25.425;22.6;64.791667;39;11.1;2.691667;
2022-09-15;0;988.5375;15.779167;25.2;21.3125;17.8;71.458333;54;9.7;1.895833;
2022-09-16;0;986.441667;15.170833;31.9;23.633333;18;64.041667;27;7.5;1.541667;
2022-09-17;0;983.26087;12.217391;35.8;26.656522;18.5;43.869565;22;8.8;1.969565;
2022-09-18;0;980.725;10.704167;38.8;28.075;18.8;36.583333;19;6.9;1.4875;
2022-09-19;0;979.758333;16.275;36.7;29.2;21.5;46.5;33;11.8;2.179167;
2022-09-20;1.2;979.6625;19.104167;35.8;28.225;22;60.375;35;9.3;1.95;
2022-09-21;0;978.016667;18.991667;38.1;29.3875;22.5;58.583333;29;11.5;1.879167;
2022-09-22;0;981.568182;19.15;31.5;26.759091;24.1;63.772727;41;13.2;2.263636;
2022-09-23;0;986.708696;8.726087;29.9;23.256522;18.9;43.608696;16;8.9;2.234783;
2022-09-24;0;984.778261;8.673913;33.7;24.434783;17.7;37.73913;26;7.7;1.556522;
2022-09-25;0;981.7875;15.004167;36.9;26.170833;19.3;52.958333;27;8;1.029167;
2022-09-26;0;981.813043;18.869565;36.7;27.047826;21.2;63.695652;32;10.9;2.043478;
2022-09-27;23.4;983.9625;19.6875;31.8;23.733333;19.5;79.916667;47;10.3;2.079167;
2022-09-28;5;984.168182;20.222727;24.6;21.827273;21.1;90.727273;77;11.3;2.059091;
2022-09-29;39.2;985.056522;19.004348;28.6;22.96087;19.3;80;54;5.2;1.326087;
2022-09-30;0;985.66087;18.856522;31.5;24.804348;20.2;71.869565;43;5.4;1.317391;
2022-10-01;0;985.326087;17.956522;33.8;26.1;19.3;64.130435;36;7.2;1.630435;
2022-10-02;0;984.656522;17.686957;35.7;27.121739;19.5;61.347826;28;8.2;1.534783;
2022-10-03;0;983.141667;17.7375;35.3;27.733333;20.1;57.958333;28;7.3;1.5625;
2022-10-04;0;980.708333;17.1;35.8;27.65;19.9;56.625;29;6.1;1.170833;
2022-10-05;0;979.191667;19.0375;37.2;28.604167;21;60.541667;30;11.7;1.4875;
2022-10-06;0;979.55;19.466667;37;28.308333;21.9;62.416667;31;20.2;2.729167;
2022-10-07;9.2;984.33913;17.4;28.5;23.443478;21.1;71.73913;36;10;1.865217;
2022-10-08;null;981.327273;16.759091;32.5;24.690909;17.6;64.545455;34;9.8;1.677273;
2022-10-09;11.6;983.591304;20.2;26.1;22.117391;20.6;89;61;11.1;1.342857;
2022-10-10;13.8;984.940909;20.277273;27.8;23.309091;20.1;84.136364;66;9.1;1.063636;
2022-10-11;null;985.395238;20.871429;27.6;null;21.6;86.619048;60;5.6;1.17619;
2022-10-12;7.2;985.034783;20.495652;25.5;22.373913;20.6;89.434783;73;5.8;1.256522;
2022-10-13;null;984.266667;20.72381;29.8;null;21;80.285714;51;4.7;.919048;
2022-10-14;0;984.86087;19.930435;33.6;27.347826;22.1;67.304348;34;8.6;1.678261;
2022-10-15;0;984.695833;19.495833;35.4;27.908333;22;62.458333;34;8;1.770833;
2022-10-16;0;982.104348;18.121739;36.9;28.695652;21.4;56.434783;26;6.1;1.5;
2022-10-17;0;980.478261;18.791304;36.4;29;22.2;56.304348;27;7;1.43913;
2022-10-18;0;982.490909;19.195455;32.1;27.645455;24.8;60.409091;45;10.8;2.890909;
2022-10-19;0;983.165217;18.782609;33.3;26.747826;21.2;63.565217;39;7.3;1.252174;
2022-10-20;0;979.621739;19.821739;36.2;27.313043;20.6;68.173913;33;11.7;1.652174;
2022-10-21;47;981.041667;21.541667;28.5;24.175;21.1;85.875;54;12.4;1.966667;
2022-10-22;0;982.781818;21.095455;30.7;25.345455;21.4;78.909091;52;7.2;.9;
2022-10-23;0;983.525;19.4625;33.2;25.945833;19.7;70.708333;36;5.7;1.25;
2022-10-24;0;982.195833;18.370833;35.3;27.433333;20.7;61.666667;31;7.2;1.341667;
2022-10-25;0;981.072727;17.509091;36.4;27.818182;19.9;58.5;28;8;1.272727;
2022-10-26;0;979.086957;20.217391;36.2;27.447826;20.2;67.73913;34;8.7;1.226087;
2022-10-27;0;980.908333;21.183333;34.5;25.766667;22.4;77.5;41;14.2;1.520833;
2022-10-28;7.4;980.75;20.420833;32.9;25.741667;20.6;74.208333;49;8.2;1.295833;
2022-10-29;1.4;980.726087;20.865217;33;27.169565;22.1;70.782609;42;7.2;1.678261;
2022-10-30;.2;977.675;20.6875;35;27.704167;20.9;68;39;10.1;2.020833;
2022-10-31;0;980.15;20.859091;33.1;25.85;23.1;75.181818;46;14.9;2.872727;
2022-11-01;.4;990.221739;11.965217;20.7;17.821739;15.1;69.26087;54;10.4;3.1;
2022-11-02;0;991.345833;10.375;24.5;19.858333;14.6;54.583333;45;7.6;2.1;
2022-11-03;0;988.5125;12.125;29;20.2375;13.1;63.416667;31;7.9;1.675;
2022-11-04;0;985.947826;11.804348;30.7;21.578261;13.3;58.217391;27;8.8;1.73913;
2022-11-05;null;984.381818;10.731818;32.2;23.209091;14.4;49.545455;23;7.9;1.563636;
2022-11-06;null;984.48;10.8;33.4;null;15.5;46.9;22;7.5;1.535;
2022-11-07;null;983.886364;11.209091;34.4;24.963636;15.5;47.045455;21;7;1.495455;
2022-11-08;0;982.820833;10.704167;35.8;25.854167;16.5;43.291667;18;6.6;1.291667;
2022-11-09;0;981.847619;12.052381;37.6;null;16.7;44.904762;15;6.4;1.42381;
2022-11-10;null;980.372727;15.354545;39;28.213636;17.3;52.227273;20;7.8;1.454545;
2022-11-11;7;982.1;20.16;31.6;null;21.1;76.25;45;14;1.96;
2022-11-12;null;981.490476;19.247619;33.4;null;21.1;68.285714;35;7.9;1.571429;
2022-11-13;null;978.95;18.545455;35.9;28.072727;19.9;61.409091;31;10.2;2.068182;
2022-11-14;30.6;983.1;19.352381;30.1;null;19.2;87.428571;48;9.3;1.680952;
2022-11-15;null;985.214286;19.066667;33.1;null;18.8;72.142857;38;5.7;1.409524;
2022-11-16;0;984.813043;13.256522;33.8;25.3;16.2;51.608696;23;6.9;1.665217;
2022-11-17;0;982.219048;12.880952;35.3;null;15.3;53.380952;16;5.6;1.242857;
2022-11-18;0;980.169565;14.808696;36.6;27.03913;17.9;51.565217;25;6.3;1.330435;
2022-11-19;0;979.268182;16.568182;37.7;28.495455;19.2;53.727273;23;5.4;1.227273;
2022-11-20;0;980.009091;17.290909;35.8;27.459091;19.1;56.909091;33;11.6;1.713636;
2022-11-21;0;979.961905;20.190476;31.4;null;21.6;69.666667;50;10.1;1.87619;
2022-11-22;null;981.478261;21.386957;31.5;25.334783;22.5;80;52;7.9;1.247826;
2022-11-23;null;981.057895;21.710526;31.4;null;22;79;54;8.9;1.442105;
2022-11-24;null;979.913636;20.9;36;27.190909;21.1;72.181818;33;10.4;1.15;
2022-11-25;0;980.166667;17.583333;36;28.25;21.1;57.791667;27;6.5;1.433333;
2022-11-26;0;980.66087;14.278261;35.8;27.395652;18.4;49.695652;19;7.4;1.443478;
2022-11-27;0;980.130435;13.886957;36.6;27.395652;18;48.608696;21;10.8;1.634783;
2022-11-28;0;976.1125;14.875;36.9;27.620833;19.2;50.708333;21;8.5;1.3875;
2022-11-29;.2;973.134783;16.36087;38.5;28.417391;20.1;54.913043;20;11.1;1.926087;
2022-11-30;null;972.833333;18.190476;36.1;null;19.9;62.904762;32;13.9;2.228571;
2022-12-01;7.6;976.0375;19.2;35.1;27.4;20.5;65.541667;29;8.1;1.5875;
2022-12-02;3.8;978.554167;19.1875;35.4;27.458333;20;64.083333;30;9.5;1.5625;
2022-12-03;0;979.409091;21.3;34.6;27.454545;23;71.090909;43;6.4;1.445455;
2022-12-04;null;978.854545;21.540909;33.4;26.140909;22.8;77.545455;44;11.9;1.613636;
2022-12-05;60.4;980.265217;22.830435;31.8;24.586957;22.3;90.565217;54;7.8;1.15;
2022-12-06;null;982.4;21.97619;34.4;null;22.7;76.380952;42;8.8;1.347619;
2022-12-07;null;982.547619;22.090476;34.7;null;23.4;73.47619;40;7.1;1.628571;
2022-12-08;.2;979.583333;22.208333;34.7;28.258333;23.3;72.333333;45;6.1;1.1875;
2022-12-09;null;978.742105;23.089474;35.1;null;23.5;75.473684;45;9.4;1.152632;
2022-12-10;null;980.57619;22.419048;29.7;null;23.3;81.47619;63;9.8;1.804762;
2022-12-11;0;981.268182;22.463636;32.3;26.536364;22.2;79.954545;53;10.7;1.859091;
2022-12-12;0;979.817391;21.486957;34.2;28.413043;22.9;69.826087;37;10.5;2.252174;
2022-12-13;0;978.390909;20.131818;35.4;29.604545;24.1;58.954545;34;10.3;2.672727;
2022-12-14;null;978.466667;22.42381;33.4;null;23.6;71.714286;52;6.9;1.547619;
2022-12-15;21.2;978.840909;23.327273;33.5;27.790909;23.5;78.136364;53;6.1;1.304545;
2022-12-16;18.2;978.140909;21.445455;32;26.140909;20.9;76.863636;50;9.7;1.745455;
2022-12-17;0;977.163636;21.322727;33.1;27.222727;23.2;71.863636;44;7.1;1.722727;
2022-12-18;null;978.54;22.28;32.2;null;23.5;83;54;6.5;1.435;
2022-12-19;null;980.581818;20.977273;31.8;25.559091;21;77.090909;51;6.3;1.277273;
2022-12-20;.2;980.026087;21.930435;33.9;27.334783;21.9;74.782609;45;6.1;1.191304;
2022-12-21;0;979.6;19.766667;34.8;27.970833;21.5;65.416667;31;7;1.258333;
2022-12-22;0;979.713043;17.830435;34.8;26.986957;19.3;61.782609;27;6.8;1.365217;
2022-12-23;0;979.740909;19.322727;34.8;26.05;19.1;69.090909;38;8.1;1.2;
2022-12-24;0;979.513043;20.430435;33;24.982609;20.2;77.565217;46;11.5;1.286957;
2022-12-25;7.8;980.679167;21.141667;32.4;25.708333;21.7;77.708333;51;7.5;1.229167;
2022-12-26;.2;980.666667;21.3875;33.4;26.225;21.6;77.25;44;8.2;1.3375;
2022-12-27;0;979.945455;21.459091;35.1;28.331818;22.2;70.045455;36;5.5;1.181818;
2022-12-28;0;980.4625;22.608333;32.8;27.116667;22.8;77.75;54;6.9;1.691667;
2022-12-29;.6;981.93913;22.221739;33;25.721739;22.3;82.695652;49;8.8;1.213043;
2022-12-30;.4;981.504348;22.13913;35.2;26.817391;21.7;78.478261;39;8.5;1.252174;
2022-12-31;0;982.091304;22.956522;32.4;26.16087;23.4;83.478261;54;7.6;1.026087;
2023-01-01;13.6;981.582609;21.804348;35.3;28.321739;22.5;71.782609;39;8.4;1.634783;
2023-01-02;0;980.238095;22.104762;34.7;null;22.5;73.809524;42;10;1.795238;
2023-01-03;61.6;980.35;22.145833;31.2;24.641667;21.8;87.041667;57;8.6;1.7875;
2023-01-04;68;980.142857;22.219048;30.1;null;22.4;87.619048;62;11.2;2.1;
2023-01-05;null;980.933333;21.895238;28.8;null;21.4;89.238095;65;5.2;1.014286;
2023-01-06;6.4;981.218182;20.818182;32.1;26.290909;21.6;74.227273;46;7;1.640909;
2023-01-07;null;982.215;20.995;33;null;20.9;73.45;47;8.5;1.485;
2023-01-08;0;982.591667;21.45;33.1;27.066667;22.1;72.791667;46;6.8;1.520833;
2023-01-09;0;981.645455;22.05;32.8;26.440909;22.5;78.818182;48;7.2;1.336364;
2023-01-10;.2;982.277273;21.627273;33.4;26.35;20.9;77.5;48;7.7;1.481818;
2023-01-11;2.6;983.154545;22.345455;31.9;25.095455;21.7;86.272727;54;9.4;1.295455;
2023-01-12;null;981.205;21.515;30.8;null;21.2;79.95;56;11;1.895;
2023-01-13;13.2;980.827273;21.995455;27.9;23.531818;21.6;91.409091;70;8.4;1.354545;
2023-01-14;null;982.35;20.768182;27.4;22.563636;20.1;90;69;9.7;1.604545;
2023-01-15;1.4;983.673913;21.543478;33.1;26.134783;20.7;78.608696;45;6.4;1.291304;
2023-01-16;0;982.478261;22.369565;34.2;26.678261;22.6;79.608696;42;8.4;1.26087;
2023-01-17;null;982.890476;22.409524;31.1;null;22.4;83.52381;53;7.8;1.247619;
2023-01-18;null;984.215789;20.957895;34;null;20.6;73.263158;35;6.4;1.331579;
2023-01-19;.2;984.269565;21.356522;33.8;26.695652;22.6;74.304348;44;10.4;1.386957;
2023-01-20;5.2;982.131818;21.663636;33.7;26.945455;21.6;75.363636;45;8;1.781818;
2023-01-21;0;980.078261;22.26087;33.5;26.643478;22.3;78.782609;45;16.7;1.826087;
2023-01-22;0;979.933333;22.390476;33.3;null;21.7;79.809524;48;12.1;1.852381;
2023-01-23;null;981.163636;22.059091;32.3;24.740909;22.2;86.045455;57;11.5;1.713636;
2023-01-24;2.6;980.727273;21.818182;31.4;25.413636;21.2;82.454545;56;7.8;1.781818;
2023-01-25;0;980.330435;22.682609;31.2;25.430435;21.9;85.521739;58;8.7;1.386957;
2023-01-26;1.4;978.921739;22.73913;33;27.021739;22.6;79.73913;51;9.2;1.281818;
2023-01-27;null;979.395238;22.766667;32.4;null;21.6;80.571429;54;7.3;1.4;
2023-01-28;4;981.804348;22.234783;31.9;26.252174;22.4;80.304348;52;8.5;1.613043;
2023-01-29;null;982.385714;21.4;33.1;null;22.8;72.761905;44;7.5;1.766667;
2023-01-30;5.2;981.25;22.35;32.7;25.309091;22.4;84.636364;52;9.7;1.363636;
2023-01-31;8.6;981.230435;21.982609;31.7;24.904348;21.8;85.086957;55;9.9;1.613043;
2023-02-01;0;982.4;22.047619;33;null;22.4;78.904762;48;6.1;1.061905;
2023-02-02;null;982.040909;22.236364;35;27.686364;22.5;75.545455;38;8.4;1.140909;
2023-02-03;3;983.278261;22.430435;29.4;24.343478;22.9;89.608696;66;14.5;1.278261;
2023-02-04;29;984.641667;22.391667;32.4;25.316667;21.6;85.791667;50;9;1.620833;
2023-02-05;null;984.37;22.16;31.8;null;22.3;83.6;54;8.2;1.435;
2023-02-06;null;982.790476;21.666667;33.3;null;21.1;78.761905;47;14.8;1.542857;
2023-02-07;6.6;983.673913;21.765217;31.2;25.286957;22.2;82.826087;49;6.6;1.256522;
2023-02-08;0;982.017391;21.956522;33.6;26.83913;22.3;78.043478;41;6.7;1.165217;
2023-02-09;0;982.273913;22.7;32.9;25.56087;23.1;85.478261;53;8.1;1.06087;
2023-02-10;3.4;982.904348;22.382609;25.7;23.326087;22.7;94.565217;80;10.6;1.591304;
2023-02-11;10;981.865217;21.695652;33.7;25.804348;21.2;81.130435;43;4.6;.973913;
2023-02-12;.2;981.317391;22.652174;33.3;25.617391;23.1;84.782609;49;11.7;1.16087;
2023-02-13;null;981.490909;22.268182;34.2;26.159091;22.7;81.136364;43;8.2;1.322727;
2023-02-14;null;981.35;21.925;35.5;null;22;77.1;43;10.7;1.225;
2023-02-15;0;980.43913;22.217391;32.7;25.086957;22;85.782609;51;13.9;1.469565;
2023-02-16;15.8;978.304167;22.4875;33;25.025;21.6;87.416667;52;14.3;1.491667;
2023-02-17;28;979.459091;21.695455;26.6;23.740909;22.1;88.954545;72;7.7;1.718182;
2023-02-18;1.4;983.413043;20.430435;31.2;24.713043;20.5;79.086957;45;9.1;1.486957;
2023-02-19;0;982.863636;18.536364;31.4;25.309091;20.2;67.363636;51;7.4;1.822727;
2023-02-20;10;982.295455;21.786364;31.1;25.331818;22.1;82.818182;54;8.7;1.668182;
2023-02-21;null;983.8;21.380952;31.1;null;20.5;86.285714;53;10.5;1.69;
2023-02-22;1.2;985.018182;21.777273;33.2;25.636364;21;82.045455;46;15.5;1.331818;
2023-02-23;null;985.418182;22.072727;32.9;26.3;21.3;80.227273;48;7.6;1.395455;
2023-02-24;0;984.356522;21.508696;31.9;23.834783;21;87.73913;52;10.3;1.382609;
2023-02-25;9.2;982.604545;21.204545;33.5;25.813636;20;78.954545;47;5.2;1.186364;
2023-02-26;0;984.165217;22.247826;32.6;26.047826;22.7;81.695652;46;7.3;1.021739;
2023-02-27;0;985.15;22.05;35.2;27.779167;22.2;74.5;39;6.7;1.270833;
2023-02-28;44.2;985.554167;22.008333;33.3;26.070833;20.8;79.833333;55;10.4;1.821739;
2023-03-01;.2;984.430435;20.917391;34.1;26.2;21.2;76;42;8;1.491304;
2023-03-02;null;982.514286;21.480952;34.2;null;20.7;80.285714;48;12.3;1.52381;
2023-03-03;.4;982.331818;21.531818;32.3;26.363636;21.7;76.727273;52;8.2;1.795455;
2023-03-04;0;982.96087;21.978261;34;26.604348;21.2;78.347826;44;7.5;1.252174;
2023-03-05;0;982.154545;22.086364;35;27.854545;21.8;74.545455;40;7.5;1.459091;
2023-03-06;0;979.730435;22.430435;35.2;28.53913;22.5;72.73913;42;7.7;1.595652;
2023-03-07;0;980.933333;22.4125;27.5;25.108333;23.7;85.291667;74;8.6;1.8375;
2023-03-08;1.4;982.109091;21.540909;31.6;23.559091;20.5;89.363636;59;10.6;1.240909;
2023-03-09;17;983.447826;22.234783;28.3;23.391304;21.9;93.695652;73;8.5;1.113043;
2023-03-10;10.6;982.858333;22.783333;30.3;24.320833;21.9;91.666667;63;5.9;.933333;
2023-03-11;3.8;982.947619;22.371429;29;null;21.9;89.190476;65;7.8;1.180952;
2023-03-12;null;982.742857;21.347619;30.9;null;20.4;89.333333;56;7.7;1.185714;
2023-03-13;null;982.859091;22.277273;30;24.777273;21.8;87.090909;63;8;1.222727;
2023-03-14;27.4;983.186364;22.095455;30.8;25.186364;21.6;84.545455;56;9.1;1.813636;
2023-03-15;.2;982.481818;22.659091;32.7;26.054545;22.2;83.590909;50;7.8;1.340909;
2023-03-16;7.4;981.495652;21.382609;32.9;25.93913;20.9;78.26087;44;6.6;1.352174;
2023-03-17;.2;981.673913;22.656522;30.4;25;22.8;87.869565;61;6.3;1.173913;
2023-03-18;null;982.757895;22.173684;30.7;null;22.3;86.947368;58;11.2;1.536842;
2023-03-19;22;982.095238;21.566667;31.2;null;22.2;79.666667;49;8.8;1.828571;
2023-03-20;null;982.27619;22.22381;30.8;null;22;83.380952;56;5.8;1.452381;
2023-03-21;17.8;983.218182;21.895455;30.8;25.531818;22.1;81.954545;56;7.7;1.704545;
2023-03-22;null;984.195238;21.833333;33;null;21.9;77.666667;45;6.7;1.057143;
2023-03-23;0;984.443478;22.078261;34.7;27.7;22.7;74.391304;39;6.4;1.4;
2023-03-24;46.2;985.175;22.183333;33;25.604167;19.7;83.125;47;12.1;1.141667;
2023-03-25;0;984.0875;23.029167;32.8;26.5;23;82.916667;56;5.5;1.1375;
2023-03-26;2.8;984.586957;22.521739;34.5;26.895652;21.7;79.217391;47;7.5;1.130435;
2023-03-27;.2;983.5875;21.220833;35;26.754167;21.1;75.291667;34;5;1.1;
2023-03-28;0;982.541667;22.425;34;26.633333;21.3;80.5;44;4.6;.866667;
2023-03-29;0;982.8;22.1375;35.1;26.6375;21.7;79.375;38;9.5;1.241667;
2023-03-30;0;984.691667;21.9625;34.7;25.670833;21.4;81.75;46;8.2;1.045833;
2023-03-31;.2;984.754167;21.641667;34;25.0625;21.6;83.125;45;10.3;1.5125;
2023-04-01;.2;983.875;21.158333;33.9;25.533333;20.5;78.875;46;5.8;1.325;
2023-04-02;0;982.521739;20.6;33.9;25.965217;19.9;76.391304;36;7.5;.978261;
2023-04-03;0;982.5125;20.829167;33.3;25.279167;20;79.416667;37;5.7;1.070833;
2023-04-04;0;981.691667;21.241667;33.5;25.395833;19.7;80.5;43;5.3;1.091667;
2023-04-05;0;981.604167;21.1125;31.6;24.683333;20.4;82.166667;53;9.1;1.375;
2023-04-06;0;981.991304;22.030435;30.2;25.326087;21.9;83.173913;59;6.4;1.626087;
2023-04-07;15;983.117391;21.656522;30;24.373913;21.1;86.043478;58;7.5;1.152174;
2023-04-08;1.2;984.633333;22.029167;30.1;24.120833;22;89.041667;57;6.2;.979167;
2023-04-09;.6;984.966667;21.979167;32.7;25.441667;21.1;83.291667;49;5.8;1.15;
2023-04-10;0;985.379167;21.95;31.4;25.2;21.4;83.5;54;6.5;1.029167;
2023-04-11;0;983.6375;21.6625;33.1;25.666667;20.7;80.75;46;6.8;1.3875;
2023-04-12;0;982.15;21.408333;33.7;25.679167;20.5;79.916667;44;6.2;1.116667;
2023-04-13;0;980.641667;22.220833;34.2;26.9375;21.7;78.625;42;7.4;1.233333;
2023-04-14;25.4;982.2375;22.2125;27.3;23.845833;21.9;91.125;70;9.1;1.320833;
2023-04-15;8.4;983.704167;22.291667;31.6;24.870833;20.5;87.333333;56;3.7;.779167;
2023-04-16;0;982.541667;22.583333;33.5;26.391667;21.6;81.75;45;5.6;1.141667;
2023-04-17;0;979.258333;22.154167;33.5;26.120833;21.3;81.125;49;7.1;1.4125;
2023-04-18;0;977.433333;22.770833;32.5;26.579167;22.3;81.291667;52;11.3;2.1875;
2023-04-19;28.2;982.0625;21.85;27;23.466667;21.6;91.041667;67;12.4;1.358333;
2023-04-20;2;986.508333;15.704167;28.6;21.175;15.1;75.333333;33;6.8;1.358333;
2023-04-21;0;984.195833;15.870833;29.7;20.45;14.2;80;33;6.7;1.116667;
2023-04-22;0;983.845833;17.354167;32;22.9375;16.5;74.125;40;4.5;1.125;
2023-04-23;0;984.358333;20.216667;31.9;24.070833;19.1;80.541667;54;7.6;1.183333;
2023-04-24;0;984.7625;21.083333;32.5;24.491667;20.7;83.041667;50;8;1.2;
2023-04-25;8.6;985.304167;21.8375;29.9;24.258333;21.2;87.083333;64;11.5;1.133333;
2023-04-26;1.2;984.9875;21.145833;31.7;24.591667;20.1;83.291667;52;7.7;1.216667;
2023-04-27;0;984.470833;21.391667;31.6;24.454167;20.2;84.708333;56;8;1.245833;
2023-04-28;0;984.943478;20.565217;32;23.934783;18.9;83.826087;50;5.8;.921739;
2023-04-29;0;984.666667;20.708333;32.6;24.404167;18.7;83;45;5;.920833;
2023-04-30;0;984.045833;21.279167;33.7;25.1875;19.7;82;45;4.8;.895833;
2023-05-01;0;984.2625;21.683333;34.1;25.854167;21.1;80.583333;43;5.8;1.158333;
2023-05-02;0;983.5375;22.108333;32.5;25.55;21.3;83.375;51;6.4;.975;
2023-05-03;null;null;null;30.5;null;22.3;87.882353;55;5.7;null;
2023-05-04;null;984.8125;21.691667;31.8;25.0375;21;84.041667;49;4.2;.8625;
2023-05-05;0;985.541667;20.416667;33.6;24.575;18.6;81.25;38;4.2;.829167;
2023-05-06;0;985.658333;20.945833;32.1;24.6875;19.3;82.291667;50;5.2;.9375;
2023-05-07;0;984.275;21.2375;33;25.308333;20.8;81.25;42;5.2;.933333;
2023-05-08;0;985.545833;21.208333;32.5;24.808333;19.7;82.625;48;3.8;.945833;
2023-05-09;0;986.266667;21.479167;32.2;25.629167;21.6;80.25;44;6.5;1;
2023-05-10;0;985.75;21.416667;32.3;25.5625;20.8;80.416667;47;4.9;1.129167;
2023-05-11;0;984.908333;20.295833;31.8;25.6;20.9;74.5;45;5.6;1.2625;
2023-05-12;0;986.5875;15.279167;29.3;22.045833;16.8;70.916667;29;6;1.1;
2023-05-13;0;987.458333;12.845833;29.8;19.4875;12.4;72.125;25;4.4;1.004167;
2023-05-14;0;988.354167;14.316667;31.4;20.254167;12.2;73.958333;29;4.7;.975;
2023-05-15;0;988.808333;14.4625;30.7;20.525;13.1;73.541667;33;6.1;1.070833;
2023-05-16;0;987.258333;13.754167;30.1;19.670833;12.2;73.916667;31;5.8;1.075;
2023-05-17;0;986.0375;12.916667;31.2;19.095833;11.4;72.708333;25;5.3;.991667;
2023-05-18;0;987.1875;13.508333;31.7;19.4125;11.4;74.625;27;3.9;.916667;
2023-05-19;0;986.2125;14.483333;32.5;20.045833;12.4;75.25;28;4.7;.920833;
2023-05-20;0;985.258333;14.479167;32.4;20.175;12.4;75.208333;27;5.1;1;
2023-05-21;0;983.2125;15.045833;32.4;20.770833;13.4;74.416667;30;4.5;1.058333;
2023-05-22;0;984.2625;16.770833;30;21.275;16;78.416667;42;3.3;.816667;
2023-05-23;0;985.8625;16.9625;32.3;22.5625;16.3;75.708333;31;5;.825;
2023-05-24;0;984.691667;14.95;31.9;21.004167;12.9;73.291667;31;6.3;1.066667;
2023-05-25;0;984.525;17.454167;32.9;22.2125;15.4;77.833333;36;6.1;.9375;
2023-05-26;0;984.583333;18.420833;33.9;24.366667;18.5;73.875;32;7;1.195833;
2023-05-27;0;985.358333;18.329167;34.6;24.3375;17.5;74.458333;33;6.9;1.1875;
2023-05-28;0;985.8875;19.2625;29.6;22.0125;18.2;85.791667;56;9.9;1.2625;
2023-05-29;1.6;986.395833;18.929167;26.3;21.8;18.8;84.625;63;4.9;1.104167;
2023-05-30;1;987.075;20.320833;22.4;21.095833;20.6;95.375;86;5.1;1.066667;
2023-05-31;62;988.404167;18.75;28.2;21.758333;18.2;84.916667;51;4.8;.966667;
2023-06-01;0;988.8;18.433333;29.3;21.679167;17;83.791667;49;4.9;.9375;
2023-06-02;0;987.158333;17.220833;29.9;21.625;16.7;79.416667;38;4.9;1.083333;
2023-06-03;0;986.158333;16.204167;30.9;20.3875;13.9;80.791667;30;4.2;.875;
2023-06-04;0;987.791667;16.1375;31.7;20.554167;13.6;80.375;25;3.7;.870833;
2023-06-05;0;988.375;15.808333;31.1;20.858333;14.1;77.25;33;4.5;.958333;
2023-06-06;0;987.245833;14.854167;29.7;20.0125;13.3;77.208333;29;4;.920833;
2023-06-07;0;987.579167;14.7;30.7;19.245833;12;79.791667;34;4.1;.8;
2023-06-08;0;987.758333;15.308333;31;20.008333;13.3;78.666667;33;4.5;.875;
2023-06-09;0;986.441667;16.033333;32.3;20.883333;13.6;78.166667;35;3.7;.8375;
2023-06-10;0;985.8625;16.4;32.5;21.583333;14.8;77.333333;29;6.5;1.091667;
2023-06-11;0;985.2625;17.283333;33.5;22.075;15;78.416667;37;6.3;1.020833;
2023-06-12;0;987.304167;17.754167;22.8;19.108333;18;91.916667;85;9.6;1.8625;
2023-06-13;.6;991.691667;11.795833;17;13.258333;13.3;90.791667;86;7.5;2.545833;
2023-06-14;9.2;992.8375;9.6375;11.7;10.620833;10;93.666667;88;5.3;1.625;
2023-06-15;8.2;992.266667;10.666667;17.5;12.445833;9.5;89.458333;70;4.8;1.345833;
2023-06-16;0;991.425;10.025;22.2;14.145833;8.6;79.458333;37;6.2;1.475;
2023-06-17;3.8;991.925;12.429167;23.3;16.1875;12;80.791667;46;6.7;1.520833;
2023-06-18;0;991.016667;11.691667;25.3;15.791667;9.8;79.833333;42;6.1;1.233333;
2023-06-19;0;989.404167;12.6875;28.5;17.233333;10.9;78.583333;31;4.2;1.129167;
2023-06-20;0;988.475;13.720833;30.1;18.15;10.5;80.041667;34;3.7;.820833;
2023-06-21;0;986.379167;14.7125;31.6;19.304167;11.6;79.708333;30;4.4;.991667;
2023-06-22;0;985.6625;15.683333;32.6;20.5375;13.2;78.666667;31;3.4;.8625;
2023-06-23;0;985.4125;16.070833;31.5;20.604167;14;79.875;32;3.8;.8375;
2023-06-24;0;985.679167;16.208333;30.6;20.145833;13.3;81.5;42;4.8;.866667;
2023-06-25;0;987.283333;16.308333;31.9;20.954167;13.9;79.041667;34;4.1;.820833;
2023-06-26;0;987.041667;15.016667;31;20.15;13.1;77.416667;30;4.5;.9;
2023-06-27;0;986.616667;14.525;30.8;19.516667;12.1;78.083333;32;4.1;.829167;
2023-06-28;0;988.15;15.541667;31.3;20.616667;13.5;77.25;29;3;.766667;
2023-06-29;0;989.05;15.5;31.2;20.866667;14;76.416667;31;6;.883333;
2023-06-30;0;989.441667;14.558333;30.8;20.529167;13.7;73.375;28;4.8;1.029167;
2023-07-01;0;988.6375;14.5125;30.8;19.8375;13.1;76.25;29;4.1;.8;
2023-07-02;0;986.591667;14.295833;30.3;19.8125;12.9;74.916667;35;5.5;1.0875;
2023-07-03;0;987.020833;13.791667;30.9;19.895833;12.8;73.25;26;5.4;1.008333;
2023-07-04;0;986.770833;12.983333;31.2;19.333333;11;72.125;25;4.2;1;
2023-07-05;0;986.995833;12.991667;31.9;19.054167;10.9;73.708333;23;4.3;.920833;
2023-07-06;0;985.1625;13.433333;33.3;19.833333;11.3;73.25;23;6.8;1.054167;
2023-07-07;0;984.579167;14.383333;33;20.658333;12.4;73.833333;25;7.6;1.020833;
2023-07-08;0;984.466667;15.104167;32.8;21.070833;13.9;73.916667;28;7.6;1.004167;
2023-07-09;0;984.945833;17.3875;32.4;22.445833;17.2;76.083333;31;3.9;.816667;
2023-07-10;0;984.791667;16.1375;34.6;22.566667;14.9;73.666667;26;6.2;1.145833;
2023-07-11;0;983.7875;15.979167;34.7;22.645833;15;72.583333;22;4.9;.945833;
2023-07-12;0;981.15;14.633333;34.3;22.220833;14.2;69.5;23;11.1;1.4375;
2023-07-13;0;984.079167;15.95;25.4;18.8375;16.7;84.208333;60;8.9;1.554167;
2023-07-14;7;989.595833;11.108333;20.6;14.95;11.1;79.75;48;9.3;1.9;
2023-07-15;0;986.76087;11.008696;26.4;16.034783;9.3;76.130435;36;5.8;1.034783;
2023-07-16;0;986.341667;14.5875;32;20.258333;12.6;75.458333;29;3.7;.808333;
2023-07-17;0;986.970833;16.275;33.5;22.275;14.8;74.166667;31;4.1;.879167;
2023-07-18;0;989.416667;17.745833;30.8;22.695833;16.2;76.666667;44;7.2;1.404167;
2023-07-19;0;991.504167;17.254167;31;22.445833;16.1;74.958333;43;5.4;1.116667;
2023-07-20;0;989.95;17.508333;34.4;24.125;18.4;70.833333;28;6.4;1.341667;
2023-07-21;0;989.079167;15.816667;33.1;23.075;16;69.791667;27;7.3;1.354167;
2023-07-22;0;987.991667;14.641667;32.4;22.095833;14.4;69.125;27;8.4;1.341667;
2023-07-23;0;989.166667;14.65;33.1;21.5375;13.4;70.541667;26;5.7;.891667;
2023-07-24;0;989.125;13.908333;33.2;21.8125;14.1;67.416667;22;5.9;.958333;
2023-07-25;0;986.2125;13.016667;34.2;21.470833;13.1;66.125;20;5.7;.945833;
2023-07-26;0;985.458333;13.145833;34.4;21.366667;12.4;66.75;22;5.6;.991667;
2023-07-27;0;986.5625;14.641667;34.1;22.325;14.4;68.083333;25;4.2;.908333;
2023-07-28;0;988.45;15.520833;35;24.104167;16.4;64.666667;24;7.1;1.245833;
2023-07-29;0;989.5375;15.966667;31.9;23.979167;17.4;64.333333;33;6.4;1.558333;
2023-07-30;0;988.716667;15.129167;34.3;23.008333;16.1;66.458333;20;6.3;1.225;
2023-07-31;0;989.691667;14.483333;34.5;23.8375;16.6;61.5;22;6.8;1.195833;
2023-08-01;0;988.9875;13.525;34.7;23.35;14.9;60.875;19;6.3;1.091667;
2023-08-02;0;988.079167;13.329167;35.5;23.208333;14.5;60.791667;18;7.2;1.116667;
2023-08-03;0;987.254167;13.145833;35.6;22.9;13.8;61.958333;19;4.8;.895833;
2023-08-04;0;986.508333;13.2125;35.3;23.441667;14.2;58.916667;19;5.8;1.058333;
2023-08-05;0;986.704167;13.283333;35.9;23.141667;14;61.25;18;5.7;1.029167;
2023-08-06;0;985.175;13.275;36.9;23.545833;14.2;60.416667;16;5.3;1.091667;
2023-08-07;0;986.475;14.2625;37;24.466667;15.1;60.083333;22;9;1.320833;
2023-08-08;0;986.691304;16.143478;36.7;25.117391;16.7;63.956522;24;4.2;.9;
2023-08-09;0;985.033333;16.358333;39.9;26.720833;18.4;58.083333;18;5.7;1.266667;
2023-08-10;0;982.843478;14.808696;38.2;25.66087;17.3;60.782609;15;9.5;1.330435;
2023-08-11;0;983.673913;14.830435;36.7;24.913043;15.6;59.304348;25;10.1;1.513043;
2023-08-12;0;984.726087;16.369565;37.7;26.282609;18;60.652174;21;7.6;1.104348;
2023-08-13;12;987.425;17.929167;29;23.4375;20.2;72.833333;47;11.3;1.925;
2023-08-14;.2;987.0875;17.55;29.5;23.879167;19.6;69.208333;47;6.9;1.704167;
2023-08-15;0;985.666667;17.1;32.9;25.1375;19.3;63.875;33;7;1.354167;
2023-08-16;0;null;null;34.8;null;16.3;64.764706;21;9.3;null;
2023-08-17;null;null;null;null;null;null;null;null;null;null;
2023-08-18;null;null;null;null;null;null;null;null;null;null;
2023-08-19;null;null;null;null;null;null;null;null;null;null;
2023-08-20;null;null;null;null;null;null;null;null;null;null;
2023-08-21;17.4;982.233333;17.583333;34;23.4125;17.1;74.541667;33;7.4;1.354167;
2023-08-22;0;979.316667;17.4;37.3;26.275;18.5;66.75;21;10.3;1.525;
2023-08-23;0;978.143478;17.43913;36.9;26.634783;18.4;63.304348;28;10;1.56087;
2023-08-24;0;979.791667;19.233333;34.4;26;20.8;69.75;32;5.8;.854167;
2023-08-25;0;980.6125;18.0375;35.6;26.145833;19;67.625;26;9.4;1.566667;
2023-08-26;0;982.6375;18.991667;30.6;24.483333;19.6;73.041667;46;7.9;1.4625;
2023-08-27;0;985.116667;19.104167;30.1;24.2875;19.6;74.5;49;6;1.404167;
2023-08-28;0;986.004167;16.420833;30.9;23.558333;17.9;66.541667;35;6.3;1.625;
2023-08-29;0;985.108333;17.470833;35.2;26.095833;19.2;62.458333;33;6;1.333333;
2023-08-30;0;983.1625;18.533333;36.6;27.608333;20.1;62.125;29;6.2;1.370833;
2023-08-31;0;983.845833;19.658333;37.2;27.504167;20.4;67;32;14.4;1.825;
2023-09-01;7.8;982.7625;19.5625;36.8;26.8875;20.3;69.833333;30;7.6;1.333333;
2023-09-02;.2;980.495833;19.275;37.1;28.979167;21.8;59.666667;31;12.5;1.8875;
2023-09-03;0;981.558333;19.470833;37.9;28.266667;21;63.916667;27;11.3;1.633333;
2023-09-04;0;982.720833;18.620833;38.2;29.058333;21;59.5;26;10.6;1.825;
2023-09-05;0;985.320833;17.754167;35.3;28.6125;22.7;54.083333;32;7;1.9375;
2023-09-06;0;985.0125;18.170833;34.4;26.591667;23.5;61.625;38;14;1.533333;
2023-09-07;13.4;983;20.245833;36;27.420833;20.7;69.458333;30;6.7;1.179167;
2023-09-08;.2;982.2;19.508333;36.2;28.720833;23.3;62.208333;29;10.4;1.883333;
2023-09-09;0;985.478261;19.03913;35.7;26.143478;21.4;68.73913;31;12.9;1.904348;
2023-09-10;13.6;985.195833;17.483333;35.6;25.395833;17.9;66.541667;28;7.7;1.345833;
2023-09-11;0;981.947826;16.813043;38.2;28.365217;20.1;55.434783;21;6.4;1.208696;
2023-09-12;0;980.9875;18.120833;37.5;27.166667;20.1;62.208333;23;4.4;.858333;
2023-09-13;0;982.620833;18.466667;33.8;23.6875;19.7;73.958333;35;16.1;2.095833;
2023-09-14;4;987.25;18.204167;23.7;20.366667;17.8;87.708333;73;6.8;1.354167;
2023-09-15;0;986.220833;16.2125;31.2;23.341667;16.7;66.875;35;5.9;1.479167;
2023-09-16;0;982.858333;16.670833;37.1;26;17.7;62.916667;25;5;1.045833;
2023-09-17;0;982.0375;17.833333;38.8;26.729167;19.6;62.875;21;13.2;1.5375;
2023-09-18;16.4;983.9625;19.916667;33.2;25.4875;20.2;74.125;39;7;1.2625;
2023-09-19;0;983.225;19.433333;37.1;27.795833;21.7;64.708333;26;8.9;1.125;
2023-09-20;0;982.945455;19.3;37;28.45;22.4;61.227273;27;9.8;1.168182;
2023-09-21;0;981.395833;17.720833;39.1;29.808333;22.1;53.416667;21;7.4;1.533333;
2023-09-22;0;980.613043;18.095652;40.8;29.217391;20.6;57.26087;20;11.4;1.252174;
2023-09-23;0;980.15;18.213636;40.4;30.840909;23.9;52.181818;21;5.7;1.109091;
2023-09-24;0;980.447826;20.378261;36.3;29.726087;23.9;58.956522;35;4.2;.991304;
2023-09-25;0;979.833333;21.058333;40;30.3625;23.4;63.041667;27;11.5;1.054167;
2023-09-26;0;978.117391;19.9;40.5;31.782609;23.7;54.347826;26;10.5;1.682609;
2023-09-27;0;979.275;19.895833;38.2;30.216667;23.4;57.166667;32;11.2;2.595833;
2023-09-28;0;981.542857;17.32381;34.9;null;19.1;60.952381;36;7.5;1.87619;
2023-09-29;0;982.591304;20.130435;38.4;28.269565;23.2;64.043478;31;15.8;1.486957;
2023-09-30;null;982.478947;22.031579;36.8;null;23.1;69.947368;38;7.3;1.736842;
2023-10-01;null;981.069565;21.795652;36.1;28.769565;23.5;67.913043;39;7.2;1.447826;
2023-10-02;null;978.815;20.375;38.3;null;22.3;61.35;31;8.1;1.665;
2023-10-03;null;978.066667;19.533333;39.3;null;22.3;56.238095;27;9.1;2.004762;
2023-10-04;0;977.721739;19.134783;39;31.243478;22.7;52.173913;27;11.6;2.256522;
2023-10-05;0;978.234783;19.952174;37.5;30.417391;24.3;56.565217;33;9.2;2.108696;
2023-10-06;0;978.943478;19.643478;40.2;31.256522;22.6;55.608696;25;10;1.847826;
2023-10-07;0;981.347826;20.913043;38.4;29.86087;24.3;61.652174;32;15.2;2.204348;
2023-10-08;14.4;981.530435;22.852174;35.8;27.834783;23.3;77.304348;43;11.1;2.33913;
2023-10-09;1.8;984.33913;20.295652;33.6;26.647826;21.4;70.086957;44;5.8;1.378261;
2023-10-10;.2;982.472727;20.427273;38.2;29.204545;21.7;64.454545;28;10.4;1.359091;
2023-10-11;null;980.947619;21.057143;39.5;null;23.4;61.761905;30;12.4;1.366667;
2023-10-12;0;979.65;20.754167;39.8;31.229167;23.6;59.375;27;9.9;2.2;
2023-10-13;0;983.55;18.727273;33.2;26.95;21.7;62;41;7.1;2.140909;
2023-10-14;0;983.804545;18.731818;37.7;28.945455;21.5;57.454545;31;9.9;1.263636;
2023-10-15;0;983.413043;19.16087;40.6;29.630435;22.2;58.478261;22;17.3;1.834783;
2023-10-16;null;982.333333;18.933333;40.1;null;22.4;55.190476;23;10;1.633333;
2023-10-17;null;982.21;19.955;39.1;null;23.6;60.15;24;7.1;1.69;
2023-10-18;0;981.46087;18.06087;41.2;31.165217;22.6;53.173913;19;8.7;1.378261;
2023-10-19;0;980.63913;17.86087;42.2;31.930435;25;46.695652;20;12.5;1.608696;
2023-10-20;14.4;982.134783;20.082609;37.4;29.86087;22.9;58.130435;33;12.5;2.282609;
2023-10-21;.2;981.695833;18.9625;39.3;30.883333;24.1;53.75;23;7.9;1.766667;
2023-10-22;0;980.6;18.73913;40.5;31.786957;23.7;50.608696;22;7.5;1.552174;
2023-10-23;0;979.1875;18.766667;41.2;32.016667;23.8;49.625;21;7.8;1.520833;
2023-10-24;0;979.972727;20.722727;36.9;29.781818;26.5;59.090909;37;17.1;2.863636;
2023-10-25;0;979.17619;21.452381;31.6;null;23.1;73.952381;51;6.9;1.690476;
2023-10-26;null;977.482609;19.991304;36.7;28.965217;22.7;61.73913;33;9.4;1.791304;
2023-10-27;0;976.766667;20.133333;38.8;29.770833;22.4;60.458333;30;11.2;2.0625;
2023-10-28;0;977.91;20.68;36.4;null;27.5;58;35;12.1;2.505;
2023-10-29;0;978.179167;20.479167;38.2;29.783333;24.7;61.458333;27;11.6;2.091667;
2023-10-30;.2;979.656522;21.734783;34.5;27.1;25;73.521739;40;12.3;1.291304;
2023-10-31;null;980;20.490476;36.7;null;23;63.238095;31;7.8;1.628571;
2023-11-01;0;979.818182;20.940909;35.8;28.122727;24.2;66.5;37;10.7;1.722727;
2023-11-02;null;978.277273;19.977273;37.8;28.595455;21.3;65;29;6.9;1.345455;
2023-11-03;0;978.804545;20.509091;37.5;29.918182;23.6;61;32;13.7;3.113636;
2023-11-04;null;983.671429;12.480952;32.8;null;20.2;49.095238;19;6.9;2.042857;
2023-11-05;0;982.016667;8.079167;36.1;24.875;13.2;40.083333;13;7.1;1.283333;
2023-11-06;0;981.8375;10.295833;40.7;28.775;19.2;36.375;8;7.2;1.479167;
2023-11-07;0;980.831818;14.422727;41.6;30.795455;20.4;39.227273;22;12.4;1.731818;
2023-11-08;0;981.375;19.229167;40.2;31.254167;24.5;53.333333;24;12.6;1.843478;
2023-11-09;1.6;981.604167;20.5;40.3;28.670833;21.1;66.375;27;11.1;1.279167;
2023-11-10;.2;980.369565;19.23913;41;31.908696;23.7;51.782609;20;9;1.591304;
2023-11-11;0;978.627273;17.545455;41.9;32.327273;23.1;48.227273;19;14.2;1.945455;
2023-11-12;0;978.113043;17.826087;41.8;32.478261;23.6;45.478261;22;11.1;1.665217;
2023-11-13;0;978.634783;18.408696;42.6;33.230435;24.7;45.652174;19;9.9;2.278261;
2023-11-14;0;978.630435;19.221739;39.8;30.743478;25;52.956522;25;11.6;1.995652;
2023-11-15;2;978.409091;19.377273;41.1;31.286364;23.1;57.727273;19;9.6;2.15;
2023-11-16;0;977.325;17.554167;40.9;32.9;23.6;43.375;22;10.3;2.133333;
2023-11-17;0;976.468182;18.722727;41.5;33.913636;25.8;43.909091;21;10.3;2.354545;
2023-11-18;null;977.52381;19.209524;39;null;26.6;44.857143;30;12.3;2.552381;
2023-11-19;0;979.3125;20.1875;34.3;31.620833;27.9;51.25;42;9.8;1.754167;
2023-11-20;54;980.785714;20.619048;33.8;null;22.1;73.380952;35;9.2;2.090476;
2023-11-21;0;979.317391;21.226087;35.8;29.143478;23.1;65.26087;36;8.2;1.926087;
2023-11-22;0;978.652174;21.56087;37.1;28.926087;23.5;68.086957;32;9.3;1.852174;
2023-11-23;null;980.66;22.36;34.6;null;25.6;67.8;44;7.6;1.69;
2023-11-24;null;984.436364;22.7;33.3;25.804545;23;84.454545;51;10.8;1.613636;
2023-11-25;null;983.533333;21.447619;35.5;null;22;75.904762;39;8.9;1.5;
2023-11-26;21;982.783333;21.5125;34.5;26.3625;21;77.916667;34;10.1;1.445833;
2023-11-27;2.6;983.319048;20.452381;34.8;null;21.5;67.619048;35;9.8;1.804762;
2023-11-28;null;981.810526;21.968421;35.9;null;22.8;71.263158;39;8.2;1.773684;
2023-11-29;null;980.32;22.715;34.9;null;23.4;79.65;43;10.5;1.57;
2023-11-30;10.8;981.734783;22.63913;31.1;26.873913;23.1;78.869565;54;6.7;1.134783;
2023-12-01;.8;980.957143;22.166667;36.5;null;23.9;69.428571;32;7.4;1.442857;
2023-12-02;null;980.509524;21.638095;36.1;null;23.1;69.619048;38;8.3;1.309524;
2023-12-03;0;980.209091;22.963636;33.9;27.845455;24.2;76.272727;46;9.1;1.25;
2023-12-04;0;981.713636;22.386364;32.2;26.509091;23.5;79.363636;56;12.2;1.804545;
2023-12-05;0;984.036364;22.686364;29.2;25.886364;24;83.045455;64;5.1;1.245455;
2023-12-06;2.4;982.590909;21.290909;35.6;28.131818;22.3;70.636364;33;12;1.331818;
2023-12-07;null;981.325;20.57;38.8;null;21.9;63.45;28;8.6;1.225;
2023-12-08;0;982.565217;21.582609;36.1;28.982609;24.4;66.304348;40;5.9;1.26087;
2023-12-09;1.4;980.995652;22.16087;38;29.656522;23.6;68.043478;35;6.4;1.356522;
2023-12-10;4.2;980.482609;21.904348;35.8;27.465217;22.8;73.826087;44;11.3;1.86087;
2023-12-11;23.6;980.23913;21.108696;34.5;26.726087;20.7;75;36;6.6;1.256522;
2023-12-12;.2;981.343478;22.669565;36.2;28.908696;23.3;72.565217;37;5.2;.952174;
2023-12-13;0;980.258333;21.979167;37.1;29.2875;24.8;68;34;16.4;1.6;
2023-12-14;0;978.986957;20.886957;38.7;29.004348;22.1;65.913043;30;11.5;1.46087;
2023-12-15;0;980.013636;21.427273;38.5;30.677273;23.3;61.409091;32;7.7;1.231818;
2023-12-16;0;980.213043;19.543478;40.1;31.386957;23.7;54.217391;17;12.6;1.513043;
2023-12-17;null;978.927273;19.540909;39.8;31.304545;23.7;54.454545;24;7.9;1.345455;
2023-12-18;0;978.408696;20.365217;38.1;30.947826;24.9;56.173913;31;8.3;1.421739;
2023-12-19;0;978.036364;20.9;37.2;27.327273;23.6;70;34;11.5;1.986364;
2023-12-20;14.6;978.291304;22.752174;34.9;27.334783;23.2;78.608696;42;6.9;1.073913;
2023-12-21;null;979.42;22.585;36.3;null;23.7;75.85;40;12.8;1.32;
2023-12-22;null;981.504762;22.642857;33.5;null;23.1;74.619048;50;7.1;1.6;
2023-12-23;.2;982.440909;21.304545;34.7;29.090909;23;65.318182;43;10.3;2.227273;
2023-12-24;0;982.557143;20.890476;37;null;23;61.285714;34;7.6;1.647619;
2023-12-25;null;981.665;20.955;38.6;null;23.6;58.9;28;7.2;1.49;
2023-12-26;0;983.622727;21.572727;34.9;26.845455;24.5;74.363636;48;13.9;1.754545;
2023-12-27;null;983.25;22.55;35.3;null;22.5;76.45;42;6.1;1.04;
2023-12-28;.2;981.309091;21.836364;37.7;29.945455;23.5;67.090909;30;5.7;1.136364;
2023-12-29;0;980.386364;21.204545;39;30.713636;22.9;62.590909;29;16.5;1.704545;
2023-12-30;.2;983.686364;21.772727;34.7;28.031818;23.6;70.954545;43;10.5;1.786364;
2023-12-31;null;982.040909;23.131818;34.6;27.768182;23.7;77.818182;48;9.5;1.652381;
2024-01-01;.2;981.5;22.9;34.7;26.3;22.8;83.4;44;10.9;1.2;
2024-01-02;.4;980.3;23.2;31;26.7;23.5;82.4;62;7.2;1.7;
2024-01-03;null;979.5;22.8;33.5;null;23.3;74.8;47;7.6;1.9;
2024-01-04;0;980.4;22.9;34.8;28.1;24.6;75.5;44;9.1;1.6;
2024-01-05;null;980.4;21.9;36.5;28.3;22.3;72.4;36;7.8;1.8;
2024-01-06;.6;980.3;22.5;36;28;22.4;74.5;39;11.1;1.3;
2024-01-07;.2;979.9;22.1;37.6;29.2;22.4;69.8;35;7;1.2;
2024-01-08;0;979.8;22.5;37.4;29.6;24.3;69.1;34;19.2;1.3;
2024-01-09;null;980.9;21.4;36.9;null;22;67.3;34;7.7;1.2;
2024-01-10;0;980.6;22.2;36.1;29.4;24.1;67.3;39;8.7;1.6;
2024-01-11;14.4;981.9;23.1;30.5;null;22.6;88.9;62;11.1;1.5;
2024-01-12;null;980.5;23;32.1;null;23;85.4;54;9.4;1.6;
2024-01-13;null;981.2;23.5;32.9;null;23.3;82.2;54;6.7;1.1;
2024-01-14;.8;982.9;22.7;35;27.9;23.1;76.2;44;8.9;1.4;
2024-01-15;null;984.4;23.2;33.4;null;23.5;82.5;50;9.4;1.5;
2024-01-16;null;983;22.3;34.1;null;23;74.9;42;8.2;1.2;
2024-01-17;.2;983.8;23.6;33.3;27.5;24.3;80.1;54;7.5;1;
2024-01-18;1;982.7;22.9;36.4;28.8;23.2;73.2;41;12.3;1.5;
2024-01-19;0;982.8;22.2;36.2;28.4;22.6;72.3;35;8.9;1.6;
2024-01-20;0;981.4;22.2;36.2;29.4;23.5;69.5;34;8.4;1.7;
2024-01-21;1.2;982.2;22.5;35.2;27.6;23.5;75.6;45;17.4;1.8;
2024-01-22;45.8;982.7;23.8;29.2;25.5;23.8;91;74;10.4;1.6;
2024-01-23;7.6;981.6;22.4;31.6;null;23.4;79.6;54;6.5;1.6;
2024-01-24;.2;979.7;22.4;34.1;28;23.1;73.9;43;6.5;1.4;
2024-01-25;null;980.2;18.7;34.7;null;21.2;62;26;9.4;1.4;
2024-01-26;0;981.1;18.2;33.9;27.1;21.1;61.6;30;6.5;1.4;
2024-01-27;0;981;17.4;35.2;26.4;18.7;62.4;28;5.6;1.1;
2024-01-28;null;981.7;15.8;36.8;null;18.7;55.4;20;10.4;1.8;
2024-01-29;null;983.2;17.5;35.7;26.9;17.7;60.2;30;8.4;1.4;
2024-01-30;0;983.5;21.1;34.9;26.7;22.9;73.8;42;11.8;1.9;
2024-01-31;21;982.9;20.5;35.1;26.1;19.4;75.5;36;5.9;1.1;
2024-02-01;0;982.8;20.4;36.1;null;21.6;66;33;13.3;1.4;
2024-02-02;null;983.7;21.9;34.9;null;22.1;75.2;36;6.1;1;
2024-02-03;null;984.1;21;30.2;25.7;21.7;76.3;49;9.9;1.5;
2024-02-04;null;984.1;21.9;33;null;21.9;82.4;45;9.6;1.3;
2024-02-05;5.4;984;23.1;31.1;25.6;22.9;87;57;7.8;1.1;
2024-02-06;1;984.8;22.6;30.1;25.4;22.2;85.8;63;5.6;1;
2024-02-07;0;983.1;22.3;35.4;27.7;22.9;76.4;38;8.1;1.3;
2024-02-08;0;982.9;22.4;27.6;24.9;22.6;86.6;72;7;1.4;
2024-02-09;null;982.6;22.1;34.3;null;21.7;80.9;44;7.9;1.2;
2024-02-10;null;982.7;22.2;34.3;null;22.8;79.4;42;14.1;1.6;
2024-02-11;.2;982.6;22.5;34.7;27.4;22.5;77.7;44;7.6;1.3;
2024-02-12;null;984.6;22.6;34.6;null;23.5;77.3;43;8.3;1.7;
2024-02-13;null;985.9;21.6;36.1;null;22;71.5;37;8.1;1.4;
2024-02-14;null;985.4;22.2;36.1;null;23.3;66.2;40;6.6;1.5;
2024-02-15;0;984.7;21.6;36.1;29;23.1;67.3;36;7.1;1.5;
2024-02-16;0;983.3;21.4;37.8;29.3;22.3;66.9;30;7.7;1.5;
2024-02-17;null;981.6;23;36.3;null;24.7;75.3;42;11.4;2.1;
2024-02-18;null;981.9;22.8;24.9;null;23;94.9;82;11.3;1.2;
2024-02-19;null;979.8;22.6;29.9;25.5;21.5;85.1;67;6.8;1.7;
2024-02-20;0;977.8;22.3;32.9;null;23.8;75.7;48;8.2;2.2;
2024-02-21;0;977.6;21.9;32.4;25.8;21.3;80.5;57;10.4;1.7;
2024-02-22;1.2;978.9;22.1;32.8;26.1;21.8;81.4;49;5.8;1.4;
2024-02-23;.2;981.8;23.3;33.4;null;23;82.6;51;13.3;1.5;
2024-02-24;2;984.6;23.5;34.4;27.9;24;79.2;45;7.9;1.5;
2024-02-25;null;986.3;22.6;34.5;null;22.5;77.8;41;5.4;1.2;
2024-02-26;.2;984;23.1;36.8;29.3;23.4;73;35;6.6;1.5;
2024-02-27;7.2;982.1;23.1;35.7;29;23.7;72.8;44;8.8;1.6;
2024-02-28;5.4;982.4;22.2;35.6;28;22;74.4;38;10.2;1.4;
2024-02-29;0;983.1;23.2;36.5;null;23.6;72.7;37;4.9;1.2;
2024-03-01;null;982.5;22;37.9;29.7;23.3;69.1;29;4.9;1;
2024-03-02;0;981.8;23.1;37;28.7;23.5;73.7;38;8.8;1.1;
2024-03-03;0;981.8;22.2;35.5;27.7;22.6;74.3;44;7.1;1.5;
2024-03-04;9.2;982.6;22.8;33.5;27.3;23.5;77.6;51;7.9;1.8;
2024-03-05;.2;982.9;22.9;32.3;26.7;23;81.4;56;5;1.2;
2024-03-06;null;982.5;23.7;33.8;null;23.4;86;53;9.4;1.1;
2024-03-07;null;983.5;23.7;33.7;null;23.3;85.6;56;7.2;1.2;
2024-03-08;.2;983.5;22.5;35.2;28.4;22.9;73.3;43;7.2;1.6;
2024-03-09;.2;982.7;24;35.3;27.9;23.9;81.5;50;9.8;1.2;
2024-03-10;15.4;983.3;24.7;34.4;28.1;24.3;83.2;52;4.6;1;
2024-03-11;3.2;983.3;24.2;35.8;28.6;24.4;79.4;46;4.4;1.1;
2024-03-12;0;983;24.3;35.7;29.5;24.4;76.3;48;6.3;1.3;
2024-03-13;0;982.7;24.5;36;29.3;25;78.1;43;7.6;1.2;
2024-03-14;4.6;982.6;23.6;35.9;29;23.8;75;43;7.1;1.4;
2024-03-15;.2;981.3;22.9;36.4;28.6;23.7;74.9;38;6.6;1.2;
2024-03-16;0;980;23.7;36.8;28;23.7;80;39;10.5;1.4;
2024-03-17;5.6;981.6;23.5;35.6;null;23.2;78.2;44;10.6;1.6;
2024-03-18;1.6;981.7;23.6;35.8;28.7;23;77.4;44;7.5;1.5;
2024-03-19;0;981.2;23.8;37;28.6;24.1;77.8;42;12.7;1.3;
2024-03-20;.2;979.3;23.1;37.2;28.2;22.7;77.4;40;5.9;1.2;
2024-03-21;.2;980.7;23.5;34;27.7;24.5;79.3;53;9.3;1.8;
2024-03-22;11.8;983.1;22.9;30.8;25.3;23.2;87;63;8.1;1.6;
2024-03-23;1;982.5;22.4;30.9;26.6;23.6;78.8;59;6.6;1.7;
2024-03-24;0;982.1;22.4;31.1;25.8;23.2;81.8;62;6.2;1.5;
2024-03-25;97.2;981.3;23;31.5;25.6;22.5;87;53;7.8;1.6;
2024-03-26;10.6;982;22.7;29.9;25.3;22.7;86.7;61;7.8;1.6;
2024-03-27;13.4;983.2;23;27.6;24;22.8;94.3;76;5.2;1.2;
2024-03-28;2;984.7;22.4;30.9;25;21;86.8;61;8.2;1.2;
2024-03-29;3.2;984.9;23.4;31.9;26.1;22.6;86.5;57;6.9;.9;
2024-03-30;.4;984.3;23.2;33.8;26.8;23.2;82.6;48;6.3;1.1;
2024-03-31;.2;983.7;23.5;33.8;27.5;23.8;81.1;46;8.6;1.3;
2024-04-01;.2;982.3;22.7;35.1;26.9;21.9;80.9;43;10.2;1.3;
2024-04-02;16;982.5;23.7;31.8;26.1;22.9;87.7;62;7.2;1.2;
2024-04-03;.2;981.8;22.6;34;26.9;22;79.8;48;5.2;1.2;
2024-04-04;0;982.3;23.6;35.2;28;22.9;79.9;46;5.3;.9;
2024-04-05;0;983;23.8;35;28.3;23.6;79.8;43;4.4;.9;
2024-04-06;0;981.8;23.3;34.5;28.2;23;77.4;48;6;1.2;
2024-04-07;0;982;23.2;34;28.1;23.4;76.5;47;7.8;1.6;
2024-04-08;.6;982.3;23.7;32.5;25.6;22.5;90;61;8.1;1.2;
2024-04-09;20.8;982;23.7;34.1;26.6;23.1;85.6;50;11.1;1.2;
2024-04-10;33.4;981.3;23.7;33.5;26.4;23.1;86.5;55;6.7;1.3;
2024-04-11;8.6;982.3;23.6;32.3;26.5;23.6;85.3;56;6.5;1.1;
2024-04-12;.2;983.3;23.6;30.6;25.8;23.5;88.3;62;7.1;1.3;
2024-04-13;.2;982.4;23.3;32.8;26.8;23.3;83.1;52;5.9;1.4;
2024-04-14;0;981.4;23.4;33.2;26.9;22.9;82.3;53;6.8;1.3;
2024-04-15;2;981.5;23.7;32.4;25.5;24;90;61;11.3;1.3;
2024-04-16;17.6;984.1;24.1;27.8;25;23.5;95.2;82;10.4;1.1;
2024-04-17;14.6;984.9;23.6;32.8;25.9;22.9;88.3;57;7.7;1.2;
2024-04-18;.2;985.1;19.9;30.6;25.1;21;74.5;41;6.3;1.6;
2024-04-19;0;984.5;18.7;32.3;23.8;16.9;75.6;45;5.9;1.3;
2024-04-20;0;984.5;21.2;34.2;25.4;19.8;79.3;49;6.9;1.3;
2024-04-21;0;983.7;22.8;34.5;26.9;22.1;80.8;46;5.7;1.2;
2024-04-22;0;983.2;21.5;34;26.4;21.2;78.5;36;5.3;1.1;
2024-04-23;.2;983.6;19.3;34.2;24.4;17.8;78;35;4.5;.9;
2024-04-24;0;984.1;19.6;34.3;24.2;18.3;80.3;29;5.1;.9;
2024-04-25;0;983.2;20.2;34.3;25.4;18.9;77.4;37;5.7;1.1;
2024-04-26;.2;982.2;22;35.4;26.3;20.4;80.3;39;7.6;.9;
2024-04-27;.2;981.8;22.6;35.3;26.8;21.4;80.6;40;5.9;.9;
2024-04-28;.2;982.2;22.5;34.4;26.1;21.6;83;38;7.2;.9;
2024-04-29;0;982.4;22.2;35.6;27;21.6;78.9;39;7.3;.9;
2024-04-30;0;982.3;22.2;35.6;27.3;21.7;77.9;39;7.2;1.2;
2024-05-01;0;982.2;22.4;35.7;27.1;22.3;79.3;41;7.9;.9;
2024-05-02;0;980.5;21.3;35.2;26.6;21;77.5;35;8.4;1.1;
2024-05-03;0;981;21.3;34.8;26.1;20.7;78.5;41;5.4;.9;
2024-05-04;0;982.8;21.3;35.1;25.5;19.9;81;41;12;.9;
2024-05-05;1.6;983.9;20.4;35.6;26.2;20.8;76.2;31;5.8;1;
2024-05-06;0;982.7;18.9;34.7;25;18.5;74.1;30;8.2;1.2;
2024-05-07;0;981.6;18.6;34.9;25.2;18.2;72.2;30;8.8;1.2;
2024-05-08;0;982.3;19.6;36.4;25.9;19.5;73;32;7.1;1.2;
2024-05-09;0;984.3;20;35.5;25.7;19.8;75.9;28;5;.9;
2024-05-10;0;983;18.7;34.7;25.3;18.8;72.4;30;7.8;1.3;
2024-05-11;0;983.4;18.1;35.5;25.3;18.3;70.8;28;7.1;1.4;
2024-05-12;0;982.4;17.7;34.9;24.8;17.1;71.5;30;6.5;1.2;
2024-05-13;0;984;18.9;32.9;24;17.7;76.3;43;7.5;1.7;
2024-05-14;0;987.7;16.9;24;20.3;18.3;80.9;66;8.1;2;
2024-05-15;0;986.9;16.1;29;21.6;16.6;72.8;47;5.2;1.4;
2024-05-16;0;984.2;17.9;34.1;23.1;15.5;76.5;39;5.5;1.1;
2024-05-17;0;984.9;20.5;32.7;null;19.8;78.5;46;7.1;1.2;
2024-05-18;null;986;21.4;32.1;26.1;21.9;77;53;6.6;1.6;
2024-05-19;0;988.5;17.6;27.3;21.8;18.7;77.7;59;7.1;1.8;
2024-05-20;0;987.9;17.1;29;22.1;19;74.5;51;5.6;1.2;
2024-05-21;0;985.3;17.8;35;23.9;16.8;75;30;7.3;1.2;
2024-05-22;0;984.8;18.6;35.9;25.4;18.3;70.7;33;7.5;1.1;
2024-05-23;0;983.9;18.7;36.2;26;19.1;70;28;7.9;1.2;
2024-05-24;0;985.4;19.3;28.8;22.4;18.8;83.5;62;8.3;1.9;
2024-05-25;0;989.2;16.1;21.1;19;18.3;83.6;71;5.7;1.5;
2024-05-26;0;989.8;14;23.7;18.4;16.1;76.3;58;5;1.4;
2024-05-27;0;990.5;14.3;22.8;17.3;14.8;82.9;63;7.6;2;
2024-05-28;0;992.5;11.6;24.8;null;14.7;69;43;5.9;1.8;
2024-05-29;null;991.1;11.3;26.5;17.7;11.3;68.6;39;6.8;1.3;
2024-05-30;0;989.4;12.7;30.4;19.6;12;68.8;34;4.8;1.1;
2024-05-31;0;988.7;12;32.1;20.9;12.6;63.6;23;5.5;1.1;
2024-06-01;0;988;11.8;33.4;21.6;13.6;59.5;22;5.8;1.3;
2024-06-02;0;986.9;13.7;34.5;23.1;13.9;61.5;23;8.7;1.1;
2024-06-03;0;989.1;14.4;34.1;22.8;15.1;65.6;22;5.2;.9;
2024-06-04;0;987.7;13;33.6;22.3;13.7;63.1;22;8.1;1;
2024-06-05;0;987.6;13;33.3;22.3;13.7;61.9;24;6.3;1;
2024-06-06;0;987.2;12.9;33.7;22.6;13.6;61;21;9.9;1;
2024-06-07;0;988.2;13.2;34.3;22.1;13.3;63;24;5.3;1.1;
2024-06-08;0;987.7;14.5;35;23.2;14.6;64.3;25;7.9;1.2;
2024-06-09;0;985.8;14.5;35.2;23.7;14.9;64;24;9.1;1.5;
2024-06-10;0;985.6;14.2;35;23.6;15.1;62.5;24;7.9;1.3;
2024-06-11;0;987.1;13.3;34.7;23.1;14.3;61.9;20;6.2;.9;
2024-06-12;0;985.9;13.3;35.2;22.9;13.4;60.5;23;8.2;1.2;
2024-06-13;0;984.2;14.1;35;23.2;14.8;63.1;22;10.5;1.3;
2024-06-14;0;984.3;13.4;35.2;22.8;14.2;62.4;23;10.9;1.4;
2024-06-15;0;986.2;14.9;34.9;24.2;15.5;61.8;28;8.2;1.4;
2024-06-16;0;985.4;13.7;35.7;24.2;15.9;60.9;18;7.6;1.1;
2024-06-17;0;983.7;13.3;35;23.4;13.9;59.4;23;9.4;1.2;
2024-06-18;0;982.5;13.9;34.9;24;14.8;59.8;24;10;1.5;
2024-06-19;0;983.9;13.3;35.1;23.3;13.8;60.1;23;7.4;1.4;
2024-06-20;0;985.3;12;34.6;22;13.4;61.2;18;6.3;1;
2024-06-21;0;983.6;11.3;35.4;22.4;12;56.7;19;7.5;1.2;
2024-06-22;0;983;13.1;36.1;23.2;14.2;59;23;8.7;1.2;
2024-06-23;0;983.4;14.6;35.3;24;15;61.3;26;8.9;1.4;
2024-06-24;0;984.7;15.8;34.6;23.9;16.1;65.1;29;7.7;1.3;
2024-06-25;0;985.8;16.2;34.1;23.4;16.2;68.7;30;5.5;1.1;
2024-06-26;0;986.5;17.3;29.7;22.2;18.1;75.2;46;6.7;1.4;
2024-06-27;0;985.7;16.1;31;20.5;15.5;79.9;31;5.1;1.2;
2024-06-28;0;983.8;13.6;34.1;22.7;15;64.2;21;8.2;1.3;
2024-06-29;0;986.2;14.1;31.8;22;14.2;64.3;30;7.7;1.7;
2024-06-30;0;987.7;12.5;29.5;21.9;16.6;57.3;34;6.3;1.8;
2024-07-01;0;988.3;10.2;30.3;21.3;14.9;50.9;33;7.2;1.4;
2024-07-02;null;986.6;13;34.4;null;14.7;60.6;20;6.7;1.2;
2024-07-03;null;984.7;10.8;35.7;null;13.9;50.3;16;6;1.2;
2024-07-04;0;983.8;9.9;35.3;23.4;14.1;49.7;16;6.8;1.1;
2024-07-05;0;985.6;11.4;35.5;26.1;20.9;42.5;18;6.2;1;
2024-07-06;0;987;12.2;35.8;23.2;13;55.6;13;7.3;1.4;
2024-07-07;0;986.6;13.9;31.6;null;12.9;69.9;33;7.9;1.7;
2024-07-08;null;988;12.7;24.8;20.2;17.1;62.3;47;7.1;2;
2024-07-09;0;987.3;12.8;23.9;17.7;14.7;73.6;52;7.8;1.9;
2024-07-10;0;986.6;13.3;25;18.1;14.2;75.1;49;5.6;1.6;
2024-07-11;0;986.5;13.9;32.9;21.3;13.3;67.5;33;7.2;1.6;
2024-07-12;0;992.6;12.2;25.2;19.9;16;61.6;47;9;2.4;
2024-07-13;0;992.3;10.6;25.2;17.9;10.8;64.2;41;7.5;1.9;
2024-07-14;0;991.8;10.5;26.7;17.7;10.4;65.1;38;7.1;1.8;
2024-07-15;0;992;11.6;28.7;19.3;11.1;64.3;34;6.3;1.5;
2024-07-16;0;991;11.9;32.6;21.2;12.4;61.3;24;7.8;1.3;
2024-07-17;0;991.1;11;33.9;22.7;13.9;53.7;21;8.8;1.1;
2024-07-18;0;988.4;10.6;34.6;22.7;12;53.3;19;7.5;1.2;
2024-07-19;0;989.2;10.4;35;22.6;12.9;52.8;18;7.3;1.1;
2024-07-20;0;989.4;9;34.6;23.5;13.3;45.3;15;6.2;1.1;
2024-07-21;0;987.6;8.2;35.1;22.1;11.6;48.1;15;7.3;1.1;
2024-07-22;0;989;8;33.8;22.1;11.5;47;15;6.3;1.1;
2024-07-23;0;989.2;8;33.9;22.1;11.3;46.4;16;7.5;1.1;
2024-07-24;0;988.7;9.1;35.4;22.1;11.6;50.3;16;8;1.2;
2024-07-25;0;988.4;9.4;34.7;22.3;12.6;50.5;18;4.3;.9;
2024-07-26;0;985.9;9.7;35.9;22.7;12.3;50.5;16;4.9;.9;
2024-07-27;0;986.2;8.8;36.6;23.9;13.5;45.4;13;5.9;1;
2024-07-28;0;987;7.6;36.7;24;13;42.8;13;7.5;1.1;
2024-07-29;0;987.7;8.9;35.9;23.5;13.9;45.5;15;7.9;1.4;
2024-07-30;0;988.6;12.9;33.6;24.7;16.1;51.8;24;9.3;1.4;
2024-07-31;0;987;11.1;36.5;25.1;16.5;46.4;15;7;1.3;
2024-08-01;0;985.8;10.5;37.4;26.9;17.9;39.8;16;8.5;1.7;
2024-08-02;0;984.7;9.2;36.9;25.4;16.4;40.5;15;9.2;1.4;
2024-08-03;0;984;9.5;37.6;25.6;15.1;42.8;14;11;1.5;
2024-08-04;0;985.4;10.1;36.4;25.3;17;42.9;15;7;1.1;
2024-08-05;0;985.9;9.5;36.5;24.9;14.4;45;15;7.2;1.3;
2024-08-06;0;984.6;8.6;36.4;24.6;13.6;42.8;15;8.6;1.5;
2024-08-07;0;982.9;8.9;36;24.5;13.5;43.3;15;9.5;1.5;
2024-08-08;0;983.7;12.8;31.7;23.5;17.6;52.3;30;8.6;1.9;
2024-08-09;1.2;990.1;14.2;22.5;null;16;85.4;69;8.9;2;
2024-08-10;null;992.4;4.2;23.5;13.7;4.6;59.2;19;8.1;1.5;
2024-08-11;0;988.7;1.1;29.2;15.9;5.7;45.8;13;6.1;1.4;
2024-08-12;0;991;-.2;29;18.3;7.7;34.1;10;8.4;1.6;
2024-08-13;0;989.7;.4;29.7;17.9;7.5;36.8;12;8.2;1.7;
2024-08-14;null;987.1;1.8;34.9;22.5;11.7;28.5;12;5.7;1.2;
2024-08-15;0;986.2;7.2;38.6;null;12.5;43.6;12;5.6;1;
2024-08-16;null;986.3;8.9;37;null;14.6;42.8;18;4.8;1;
2024-08-17;null;null;null;36.5;null;15.9;47.3;14;4.8;null;
2024-08-18;null;984.7;9.7;37.8;null;18;39.2;16;7.1;1;
2024-08-19;null;984.6;10.4;36.4;null;17.2;43.4;14;5.1;.8;
2024-08-20;null;null;null;37.9;null;16.8;40.4;13;5.2;null;
2024-08-21;null;null;null;null;null;null;null;null;null;null;
2024-08-22;null;null;null;null;null;null;null;null;null;null;
2024-08-23;null;null;null;null;null;null;null;null;null;null;
2024-08-24;null;null;null;null;null;null;null;null;null;null;
2024-08-25;null;null;null;null;null;null;null;null;null;null;
2024-08-26;null;null;null;null;null;null;null;null;null;null;
2024-08-27;null;null;null;null;null;null;null;null;null;null;
2024-08-28;null;null;null;null;null;null;null;null;null;null;
2024-08-29;null;null;null;null;null;null;null;null;null;null;
2024-08-30;null;null;null;null;null;null;null;null;null;null;
2024-08-31;null;null;null;null;null;null;null;null;null;null;
2024-09-01;null;null;null;null;null;null;null;null;null;null;
2024-09-02;null;null;null;null;null;null;null;null;null;null;
2024-09-03;null;null;null;null;null;null;null;null;null;null;
2024-09-04;null;null;null;null;null;null;null;11;null;null;
2024-09-05;null;985.1;11.8;34.1;null;19.3;41.3;24;7.9;1.7;
2024-09-06;null;983.2;12.6;37.1;25.9;16.8;48.8;19;5.5;1.5;
2024-09-07;0;982.4;9.3;41;28.7;17.4;37.5;10;7.7;1;
2024-09-08;0;984.5;4.8;40.9;null;17.9;27.7;7;9.9;1.8;
2024-09-09;null;984.2;3.7;38.8;27.9;17.6;24.3;10;8.5;1;
2024-09-10;0;982.2;4.3;39.4;26.6;15.3;29.5;8;6.1;1.1;
2024-09-11;0;980.8;4.9;41;28.1;15.7;28.2;9;10.9;1.5;
2024-09-12;0;981.8;6.2;41;29.2;17.5;26.8;11;7.1;1.5;
2024-09-13;0;981.4;8.3;41.2;29.4;18.5;31;12;12.4;1.6;
2024-09-14;0;982.6;12;34.4;27.2;19.9;40.3;23;8.9;1.8;
2024-09-15;0;984.5;15.3;35.8;27.8;23.2;48.3;25;9;2.3;
2024-09-16;2.6;987.5;17.6;28.9;24.9;20.6;64.5;51;6.7;1.9;
2024-09-17;.2;984.7;15.8;34;26;18.3;57.1;30;7.7;1.6;
2024-09-18;0;981.7;13.7;40.1;30.3;22.1;40.9;16;9.8;1.5;
2024-09-19;null;979.9;12.4;41;null;24.8;34.2;15;11.7;1.8;
2024-09-20;0;980;15;40.3;30.9;22.9;40.9;19;9.3;1.6;
2024-09-21;18;982.6;16.8;34.2;null;20.2;58.6;26;16.1;2.6;
2024-09-22;null;980.2;13.6;41.5;null;19.3;47.5;12;8;1.5;
2024-09-23;0;979.7;11.2;42.5;31.2;21.2;34.8;10;6.3;1.1;
2024-09-24;0;979.5;11.8;41.3;33.1;25.7;29.2;15;7.7;1.4;
2024-09-25;0;978.9;14.8;40.8;31.1;22.7;39.9;18;12.3;1.3;
2024-09-26;0;980.3;16.9;36.7;30.2;24;46.4;28;10.4;2.3;
2024-09-27;0;984.6;17.9;31.8;26.5;23.5;61.4;38;8.1;2.1;
2024-09-28;null;983.1;13;37;null;19.3;44.2;21;6.4;1.5;
2024-09-29;0;981.9;13.3;39.7;30.8;22.6;36.7;19;6.5;1.3;
2024-09-30;0;979.6;13.4;41.9;33;25.6;32.4;15;10.2;1.9;
2024-10-01;0;979.4;14.9;41;33.1;26.7;35.8;19;10;1.7;
2024-10-02;null;979.2;15.9;40;null;25.1;39.4;23;8.8;1.8;
2024-10-03;null;980.6;18.7;39.2;32.3;26.8;46.7;28;8.9;1.8;
2024-10-04;0;982;17.6;39.4;31.9;26.3;45.5;24;7.8;2;
2024-10-05;0;981.8;14.7;41;32.6;25.2;37;14;9.3;2.2;
2024-10-06;null;980.9;8.6;43.1;null;23;27.6;8;6.9;1.6;
2024-10-07;null;978.7;8.8;40.3;30.3;18.9;27.1;15;7.3;1.5;
2024-10-08;0;979;15.9;41.8;32.6;24.6;40.1;18;9;1.6;
2024-10-09;2.4;981.1;19.7;34.4;null;24.8;61.6;30;9.1;1.8;
2024-10-10;6;981.9;20.8;33;26.5;23.4;73.1;42;16.7;1.5;
2024-10-11;10.2;981;20.8;34.4;26.9;21.7;73.1;42;11.5;2.1;
2024-10-12;null;983.4;18.6;36;null;21.3;58.9;33;5.4;1.3;
2024-10-13;null;985.5;18.3;39;null;23.4;51.8;24;6.7;1.3;
2024-10-14;null;984.9;14.2;40;null;24.3;41;14;6.2;1.5;
2024-10-15;null;982.8;17;38.5;30.6;24.2;46.8;22;6.3;1.6;
2024-10-16;0;981.9;18.1;36.8;30;22.9;52.1;29;8.3;1.7;
2024-10-17;0;981;17.4;38.8;31.1;24.5;46.3;25;9.5;1.8;
2024-10-18;2.2;981.6;20.9;29.8;24.6;22.7;80.4;42;13.2;1.2;
2024-10-19;null;979.4;21.5;28.2;null;22.7;81.2;61;7.3;1.5;
2024-10-20;.2;978.3;20.9;32.5;25.1;22.2;78.8;45;8.9;1.6;
2024-10-21;null;980.7;18.4;36.6;27;20.1;65;24;8.5;1.4;
2024-10-22;null;982.7;18.4;38.4;29.8;21.9;54.5;24;6.6;1.4;
2024-10-23;0;980.5;19.5;38.2;30.5;24;54.4;29;11.8;1.8;
2024-10-24;0;978.1;19;39.1;31.7;25.6;50.4;25;12.7;2.6;
2024-10-25;1;978;19.3;38.8;31.8;25.5;49.8;29;8.8;1.9;
2024-10-26;2.6;982.7;21;33.3;25.4;24.2;78.8;44;10.3;1.9;
2024-10-27;11.6;984.4;21.2;33.3;26.2;21.5;76.5;44;4.9;1.2;
2024-10-28;.2;983.8;22;34;27.7;24.4;72.4;45;7.9;1.5;
2024-10-29;7.6;982.4;20.7;35.9;28.6;23;67;32;6.4;1.4;
2024-10-30;0;980.4;18.6;38.6;29.9;21.8;55.8;24;6.6;1.3;
2024-10-31;0;978.9;18.1;38.5;28.4;21.2;57.5;23;10.2;1.3;
2024-11-01;0;979.1;19.7;35.4;null;22.2;67.2;35;10;1.8;
2024-11-02;null;981.3;22.6;28.3;null;22.5;92.1;70;9.5;1;
2024-11-03;5.8;980.2;22.4;33.3;25.4;22.7;85.5;46;12.1;1.4;
2024-11-04;null;979;21.8;34.1;null;22.4;73.5;42;9.1;1.9;
2024-11-05;0;980.3;22.1;33.2;26.1;22.5;80;50;9.5;1.6;
2024-11-06;3.6;980.1;22.5;32.2;25.3;23;85.1;55;9.1;1.3;
2024-11-07;11;979.8;22.9;31.4;25;23.4;89.3;57;10;1.3;
2024-11-08;null;979.2;21.7;31.4;null;22.7;80;48;6.6;1.8;
2024-11-09;null;980.2;19.9;34.1;null;21;69;32;5.2;1.2;
2024-11-10;0;979.3;19.1;36.7;28.4;20.6;61.9;30;5.3;1;
2024-11-11;0;978.7;21;36.3;29.1;23.4;63.7;38;6.5;1.5;
2024-11-12;0;979.6;21.8;29;26.1;23.8;78.1;60;7.7;1.5;
2024-11-13;null;980.8;17.1;31.3;null;20.5;61.4;43;7.9;2.1;
2024-11-14;0;979.7;17.9;35.2;27.1;19.3;60.7;32;6.9;1.4;
2024-11-15;0;979.1;20.7;35.4;27.7;22.7;67;37;12;1.3;
2024-11-16;0;979.9;20.9;33.8;27.6;22.1;69.2;42;9.9;1.9;
2024-11-17;0;981;22;33;27.5;24.3;73.2;50;8.5;1.8;
2024-11-18;null;980.7;22.6;34.8;null;22.8;80.3;44;8.1;1.6;
2024-11-19;null;980.5;21.2;34.5;null;22.5;70.1;41;7.6;1.6;
2024-11-20;null;981.7;22.4;33;null;24;78.9;54;12.6;1.6;

